{
  "output": {
    "SCF": {
      "iter": {
        "1": {
          "energy": -76.00972282596703,
          "e_diff": -76.00972282596703,
          "rmsd": 0.008462412601085498,
          "performance": {
            "total_time": 0.013245195
          }
        },
        "2": {
          "energy": -76.02127604778076,
          "e_diff": -0.011553221813727532,
          "rmsd": 0.003134557352679737,
          "performance": {
            "total_time": 0.013549497
          }
        },
        "3": {
          "energy": -76.0249787836307,
          "e_diff": -0.0037027358499415186,
          "rmsd": 0.0012359891637543344,
          "performance": {
            "total_time": 0.013746625
          }
        },
        "4": {
          "energy": -76.02621647977341,
          "e_diff": -0.0012376961427094102,
          "rmsd": 0.0006028305729290901,
          "performance": {
            "total_time": 0.014134523
          }
        },
        "5": {
          "energy": -76.026601054851,
          "e_diff": -0.0003845750775894885,
          "rmsd": 0.00022082941517892395,
          "performance": {
            "total_time": 0.014757663
          }
        },
        "6": {
          "energy": -76.0267201393163,
          "e_diff": -0.00011908446529673711,
          "rmsd": 7.198111902931023e-05,
          "performance": {
            "total_time": 0.015017394
          }
        },
        "7": {
          "energy": -76.02675641582286,
          "e_diff": -3.627650656312653e-05,
          "rmsd": 2.2077915298579458e-05,
          "performance": {
            "total_time": 0.015845505
          }
        },
        "8": {
          "energy": -76.02676735825983,
          "e_diff": -1.0942436972527503e-05,
          "rmsd": 6.6054131024239635e-06,
          "performance": {
            "total_time": 0.016783793
          }
        },
        "9": {
          "energy": -76.02677064664707,
          "e_diff": -3.288387233624235e-06,
          "rmsd": 1.9912814752979457e-06,
          "performance": {
            "total_time": 0.017644124
          }
        },
        "10": {
          "energy": -76.02677163367238,
          "e_diff": -9.870253165900067e-07,
          "rmsd": 5.982519644215428e-07,
          "performance": {
            "total_time": 0.018256575
          }
        },
        "11": {
          "energy": -76.02677192982603,
          "e_diff": -2.9615364383062115e-07,
          "rmsd": 1.7959610511013342e-07,
          "performance": {
            "total_time": 0.018828134
          }
        },
        "12": {
          "energy": -76.0267720186763,
          "e_diff": -8.885027114047261e-08,
          "rmsd": 5.388142706449837e-08,
          "performance": {
            "total_time": 0.01393732
          }
        },
        "13": {
          "energy": -76.0267720453318,
          "e_diff": -2.665549914127041e-08,
          "rmsd": 1.6166133323045545e-08,
          "performance": {
            "total_time": 0.013623031
          }
        },
        "14": {
          "energy": -76.02677205332844,
          "e_diff": -7.99664690021018e-09,
          "rmsd": 4.850554941803056e-09,
          "performance": {
            "total_time": 0.013503456
          }
        },
        "15": {
          "energy": -76.02677205572746,
          "e_diff": -2.3990196496015415e-09,
          "rmsd": 1.4551329661051036e-09,
          "performance": {
            "total_time": 0.013570312
          }
        },
        "16": {
          "energy": -76.02677205644716,
          "e_diff": -7.196945261966903e-10,
          "rmsd": 4.36574320490135e-10,
          "performance": {
            "total_time": 0.01409801
          }
        }
      },
      "final_energy": -76.02677205644716,
      "n_iterations": 16
    },
    "CD": {
      "n_cholesky_vectors": 279
    },
    "CCSD": {
      "iter": {
        "1": {
          "residual": 0.4318050649027351,
          "correlation": 0.0,
          "performance": {
            "total_time": 0.023092234
          }
        },
        "2": {
          "residual": 0.050151212266835526,
          "correlation": -0.20400355906453552,
          "performance": {
            "total_time": 0.02078104
          }
        },
        "3": {
          "residual": 0.015139213356376873,
          "correlation": -0.2089540829965963,
          "performance": {
            "total_time": 0.020852692
          }
        },
        "4": {
          "residual": 0.0052935932005732525,
          "correlation": -0.2121583939136878,
          "performance": {
            "total_time": 0.02108102
          }
        },
        "5": {
          "residual": 0.0021480140497693962,
          "correlation": -0.2128707114186962,
          "performance": {
            "total_time": 0.021055249
          }
        },
        "6": {
          "residual": 0.0005456285686621609,
          "correlation": -0.2133271601915837,
          "performance": {
            "total_time": 0.021304594
          }
        },
        "7": {
          "residual": 0.00017886742429763423,
          "correlation": -0.21331653877549112,
          "performance": {
            "total_time": 0.021821954
          }
        },
        "8": {
          "residual": 8.860130695051828e-05,
          "correlation": -0.21332236543354224,
          "performance": {
            "total_time": 0.02159681
          }
        },
        "9": {
          "residual": 4.331453686252646e-05,
          "correlation": -0.21332462101609312,
          "performance": {
            "total_time": 0.021434496
          }
        },
        "10": {
          "residual": 2.337521918186682e-05,
          "correlation": -0.21332587467193898,
          "performance": {
            "total_time": 0.021414835
          }
        },
        "11": {
          "residual": 3.553453239869627e-06,
          "correlation": -0.2133271641294,
          "performance": {
            "total_time": 0.021331709
          }
        },
        "12": {
          "residual": 1.5340363594355752e-06,
          "correlation": -0.213327630759099,
          "performance": {
            "total_time": 0.021574562
          }
        },
        "13": {
          "residual": 7.496380472435628e-07,
          "correlation": -0.21332747632783386,
          "performance": {
            "total_time": 0.02145027
          }
        },
        "14": {
          "residual": 3.919114734216302e-07,
          "correlation": -0.2133274447805908,
          "performance": {
            "total_time": 0.021931015
          }
        },
        "15": {
          "residual": 2.1342658886158755e-07,
          "correlation": -0.21332743026128592,
          "performance": {
            "total_time": 0.021641938
          }
        },
        "16": {
          "residual": 2.9356324904802314e-08,
          "correlation": -0.21332742436529728,
          "performance": {
            "total_time": 0.021586378
          }
        },
        "17": {
          "residual": 8.987057937809742e-09,
          "correlation": -0.21332742170929822,
          "performance": {
            "total_time": 0.021572857
          }
        },
        "18": {
          "residual": 4.002854796190051e-09,
          "correlation": -0.21332742178590242,
          "performance": {
            "total_time": 0.021904989
          }
        },
        "19": {
          "residual": 1.8039968781066956e-09,
          "correlation": -0.21332742190584159,
          "performance": {
            "total_time": 0.022773422
          }
        },
        "20": {
          "residual": 9.117966071303483e-10,
          "correlation": -0.21332742196757554,
          "performance": {
            "total_time": 0.022997333
          }
        },
        "21": {
          "residual": 1.5314404291874736e-10,
          "correlation": -0.21332742203416344,
          "performance": {
            "total_time": 0.021316523
          }
        },
        "22": {
          "residual": 8.213384433687189e-11,