{
  "output": {
    "SCF": {
      "iter": {
        "1": {
          "energy": -76.03823574633091,
          "e_diff": -76.03823574633091,
          "rmsd": 0.00305062044491862,
          "performance": {
            "total_time": 0.087875831
          }
        },
        "2": {
          "energy": -76.05118696501458,
          "e_diff": -0.012951218683667776,
          "rmsd": 0.0008726777431893678,
          "performance": {
            "total_time": 0.080232684
          }
        },
        "3": {
          "energy": -76.05522663333076,
          "e_diff": -0.004039668316181633,
          "rmsd": 0.0003421165880088542,
          "performance": {
            "total_time": 0.102862422
          }
        },
        "4": {
          "energy": -76.05654684026652,
          "e_diff": -0.0013202069357589608,
          "rmsd": 0.00015696876804357232,
          "performance": {
            "total_time": 0.106441257
          }
        },
        "5": {
          "energy": -76.05695058698683,
          "e_diff": -0.00040374672030907277,
          "rmsd": 6.329311406296746e-05,
          "performance": {
            "total_time": 0.104725112
          }
        },
        "6": {
          "energy": -76.05707392893962,
          "e_diff": -0.00012334195278640436,
          "rmsd": 2.2252994251683798e-05,
          "performance": {
            "total_time": 0.086137262
          }
        },
        "7": {
          "energy": -76.05711132231252,
          "e_diff": -3.739337290653566e-05,
          "rmsd": 6.7157930105636445e-06,
          "performance": {
            "total_time": 0.090272476
          }
        },
        "8": {
          "energy": -76.05712258906394,
          "e_diff": -1.1266751414495957e-05,
          "rmsd": 1.986201122528545e-06,
          "performance": {
            "total_time": 0.091210171
          }
        },
        "9": {
          "energy": -76.05712597379443,
          "e_diff": -3.3847304905521014e-06,
          "rmsd": 5.934764312400376e-07,
          "performance": {
            "total_time": 0.098187086
          }
        },
        "10": {
          "energy": -76.05712698964325,
          "e_diff": -1.0158488237266283e-06,
          "rmsd": 1.7857880465011545e-07,
          "performance": {
            "total_time": 0.088473436
          }
        },
        "11": {
          "energy": -76.05712729443695,
          "e_diff": -3.047937013889168e-07,
          "rmsd": 5.382713383416897e-08,
          "performance": {
            "total_time": 0.098058116
          }
        },
        "12": {
          "energy": -76.05712738587849,
          "e_diff": -9.144153523266141e-08,
          "rmsd": 1.6170546567146534e-08,
          "performance": {
            "total_time": 0.090759434
          }
        },
        "13": {
          "energy": -76.05712741331132,
          "e_diff": -2.743283289419196e-08,
          "rmsd": 4.856067159349802e-09,
          "performance": {
            "total_time": 0.083176878
          }
        },
        "14": {
          "energy": -76.05712742154108,
          "e_diff": -8.229761760958354e-09,
          "rmsd": 1.4597608481549916e-09,
          "performance": {
            "total_time": 0.07850607
          }
        },
        "15": {
          "energy": -76.0571274240101,
          "e_diff": -2.4690223199286265e-09,
          "rmsd": 4.383456143569058e-10,
          "performance": {
            "total_time": 0.078499275
          }
        },
        "16": {
          "energy": -76.0571274247508,
          "e_diff": -7.406981694657588e-10,
          "rmsd": 1.320979847856937e-10,
          "performance": {
            "total_time": 0.078783373
          }
        }
      },
      "final_energy": -76.0571274247508,
      "n_iterations": 16
    },
    "CD": {
      "n_cholesky_vectors": 1108
    },
    "CCSD": {
      "iter": {
        "1": {
          "residual": 0.6552648707399746,
          "correlation": 0.0,
          "performance": {
            "total_time": 1.040874286
          }
        },
        "2": {
          "residual": 0.06516753525566676,
          "correlation": -0.27511698005197666,
          "performance": {
            "total_time": 0.929596089
          }
        },
        "3": {
          "residual": 0.01699449679019135,
          "correlation": -0.2752615854198429,
          "performance": {
            "total_time": 0.915421026
          }
        },
        "4": {
          "residual": 0.005022824073080569,
          "correlation": -0.2800752150678881,
          "performance": {
            "total_time": 0.928732984
          }
        },
        "5": {
          "residual": 0.0020903344493185144,
          "correlation": -0.28042336574155996,
          "performance": {
            "total_time": 0.909817573
          }
        },
        "6": {
          "residual": 0.0007536947935426263,
          "correlation": -0.28088596911937896,
          "performance": {
            "total_time": 0.919865402
          }
        },
        "7": {
          "residual": 0.00023735340780650391,
          "correlation": -0.2808520160096474,
          "performance": {
            "total_time": 0.91630902
          }
        },
        "8": {
          "residual": 0.00011101807682180568,
          "correlation": -0.2808590844837933,
          "performance": {
            "total_time": 0.918796206
          }
        },
        "9": {
          "residual": 4.8259828992980564e-05,
          "correlation": -0.2808623757586527,
          "performance": {
            "total_time": 0.915773451
          }
        },
        "10": {
          "residual": 2.5923296325788982e-05,
          "correlation": -0.2808640850301698,
          "performance": {
            "total_time": 0.907505486
          }
        },
        "11": {
          "residual": 5.278488911399519e-06,
          "correlation": -0.2808659409862569,
          "performance": {
            "total_time": 0.920879699
          }
        },
        "12": {
          "residual": 2.5758513998757763e-06,
          "correlation": -0.2808663766403679,
          "performance": {
            "total_time": 0.914802649
          }
        },
        "13": {
          "residual": 1.3301384217997e-06,
          "correlation": -0.28086617266610964,
          "performance": {
            "total_time": 0.921587948
          }
        },
        "14": {
          "residual": 7.41569378139252e-07,
          "correlation": -0.28086614262351944,
          "performance": {
            "total_time": 0.927143344
          }
        },
        "15": {
          "residual": 4.1882393737060426e-07,
          "correlation": -0.2808661254550187,
          "performance": {
            "total_time": 0.919220008
          }
        },
        "16": {
          "residual": 4.2486956529717896e-08,
          "correlation": -0.2808661224038487,
          "performance": {
            "total_time": 0.911429488
          }
        },
        "17": {
          "residual": 1.3372535513719425e-08,
          "correlation": -0.2808661154405187,
          "performance": {
            "total_time": 0.919273341
          }
        },
        "18": {
          "residual": 5.585345900507444e-09,
          "correlation": -0.28086611647897314,
          "performance": {
            "total_time": 0.920907422
          }
        },
        "19": {
          "residual": 2.564933094870599e-09,
          "correlation": -0.2808661165572052,
          "performance": {
            "total_time": 0.911695252
          }
        },
        "20": {
          "residual": 1.2815273357281258e-09,
          "correlation": -0.2808661166968903,
          "performance": {
            "total_time": 0.93479847
          }
        },
        "21": {
          "residual": 2.9776320939716643e-10,
          "correlation": -0.2808661168116999,
          "performance": {
            "total_time": 0.920572668
          }
        },
        "22": {
          "residual": 1.3942240268504738e-10,