{
  "output": {
    "SCF": {
      "iter": {
        "1": {
          "energy": -76.04567100870821,
          "e_diff": -76.04567100870821,
          "rmsd": 0.0014377560750720127,
          "performance": {
            "total_time": 0.937726639
          }
        },
        "2": {
          "energy": -76.05876568988893,
          "e_diff": -0.013094681180717771,
          "rmsd": 0.0004663675989762367,
          "performance": {
            "total_time": 0.871196122
          }
        },
        "3": {
          "energy": -76.06286517459174,
          "e_diff": -0.004099484702805967,
          "rmsd": 0.0001789807124598389,
          "performance": {
            "total_time": 0.863950046
          }
        },
        "4": {
          "energy": -76.06420473093883,
          "e_diff": -0.00133955634709082,
          "rmsd": 7.691008822286786e-05,
          "performance": {
            "total_time": 0.8617135
          }
        },
        "5": {
          "energy": -76.06461332479412,
          "e_diff": -0.00040859385529756764,
          "rmsd": 2.948271328453241e-05,
          "performance": {
            "total_time": 0.869418861
          }
        },
        "6": {
          "energy": -76.06473780524405,
          "e_diff": -0.00012448044992652285,
          "rmsd": 1.038099251739065e-05,
          "performance": {
            "total_time": 0.867358321
          }
        },
        "7": {
          "energy": -76.06477548066039,
          "e_diff": -3.767541633692417e-05,
          "rmsd": 3.1480857610403763e-06,
          "performance": {
            "total_time": 0.873124571
          }
        },
        "8": {
          "energy": -76.06478682483615,
          "e_diff": -1.1344175760541475e-05,
          "rmsd": 9.03135431408967e-07,
          "performance": {
            "total_time": 0.883949264
          }
        },
        "9": {
          "energy": -76.06479023217602,
          "e_diff": -3.4073398751388595e-06,
          "rmsd": 2.6865771151498156e-07,
          "performance": {
            "total_time": 0.884228118
          }
        },
        "10": {
          "energy": -76.06479125475045,
          "e_diff": -1.0225744233594014e-06,
          "rmsd": 8.07108153414599e-08,
          "performance": {
            "total_time": 0.887523205
          }
        },
        "11": {
          "energy": -76.06479156155675,
          "e_diff": -3.068062994771026e-07,
          "rmsd": 2.430535619512268e-08,
          "performance": {
            "total_time": 0.883091638
          }
        },
        "12": {
          "energy": -76.0647916536017,
          "e_diff": -9.204495654557832e-08,
          "rmsd": 7.314064213542548e-09,
          "performance": {
            "total_time": 0.882768475
          }
        },
        "13": {
          "energy": -76.06479168121552,
          "e_diff": -2.7613822339844774e-08,
          "rmsd": 2.197649857616033e-09,
          "performance": {
            "total_time": 0.85074819
          }
        },
        "14": {
          "energy": -76.06479168949963,
          "e_diff": -8.284104069389286e-09,
          "rmsd": 6.607221545619293e-10,
          "performance": {
            "total_time": 0.852427492
          }
        },
        "15": {
          "energy": -76.06479169198477,
          "e_diff": -2.4851374291756656e-09,
          "rmsd": 1.9848718579397805e-10,
          "performance": {
            "total_time": 0.853307951
          }
        },
        "16": {
          "energy": -76.06479169273035,
          "e_diff": -7.455867034877883e-10,
          "rmsd": 5.985487613623785e-11,
          "performance": {
            "total_time": 0.853909698
          }
        }
      },
      "final_energy": -76.06479169273035,
      "n_iterations": 16
    },
    "CD": {
      "n_cholesky_vectors": 2181
    },
    "CCSD": {
      "iter": {
        "1": {
          "residual": 0.9360161011467958,
          "correlation": 0.0,
          "performance": {
            "total_time": 24.691299225
          }
        },
        "2": {
          "residual": 0.0799932644314982,
          "correlation": -0.31332811556430157,
          "performance": {
            "total_time": 24.077762423
          }
        },
        "3": {
          "residual": 0.019052925347519168,
          "correlation": -0.31090459202146814,
          "performance": {
            "total_time": 24.074823495
          }
        },
        "4": {
          "residual": 0.005209230080756229,
          "correlation": -0.3164273728449778,
          "performance": {
            "total_time": 23.877567437
          }
        },
        "5": {
          "residual": 0.00217430727727107,
          "correlation": -0.316566141194047,
          "performance": {
            "total_time": 23.97815268
          }
        },
        "6": {
          "residual": 0.0009970147034360163,
          "correlation": -0.31707154964664247,
          "performance": {
            "total_time": 24.001032404
          }
        },
        "7": {
          "residual": 0.0003091302777742498,
          "correlation": -0.3170215417936127,
          "performance": {
            "total_time": 24.441845132
          }
        },
        "8": {
          "residual": 0.000137785176224352,
          "correlation": -0.31702853183898083,
          "performance": {
            "total_time": 24.101433698
          }
        },
        "9": {
          "residual": 5.5051204257506835e-05,
          "correlation": -0.31703391457626295,
          "performance": {
            "total_time": 23.963794993
          }
        },
        "10": {
          "residual": 2.785651073732166e-05,
          "correlation": -0.3170361181594932,
          "performance": {
            "total_time": 23.945907586
          }
        },
        "11": {
          "residual": 5.117351103822355e-06,
          "correlation": -0.3170386439713944,
          "performance": {
            "total_time": 24.041787476
          }
        },
        "12": {
          "residual": 2.6144743190672432e-06,
          "correlation": -0.31703896484146055,
          "performance": {
            "total_time": 24.070940671
          }
        },
        "13": {
          "residual": 1.431326233361242e-06,
          "correlation": -0.3170388395887524,
          "performance": {
            "total_time": 23.935976633
          }
        },
        "14": {
          "residual": 8.245024796285615e-07,
          "correlation": -0.3170388288165237,
          "performance": {
            "total_time": 24.178585876
          }
        },
        "15": {
          "residual": 4.732462862972806e-07,
          "correlation": -0.317038819432131,
          "performance": {
            "total_time": 24.02312721
          }
        },
        "16": {
          "residual": 3.574395068369269e-08,
          "correlation": -0.3170388182740186,
          "performance": {
            "total_time": 23.972377867
          }
        },
        "17": {
          "residual": 1.2856674797567653e-08,
          "correlation": -0.31703881347355567,
          "performance": {
            "total_time": 23.857225923
          }
        },
        "18": {
          "residual": 4.7361972330534195e-09,
          "correlation": -0.3170388148903548,
          "performance": {
            "total_time": 23.98984633
          }
        },
        "19": {
          "residual": 2.4018016283489286e-09,
          "correlation": -0.31703881498689157,
          "performance": {
            "total_time": 24.154960151
          }
        },
        "20": {
          "residual": 1.08321286007095e-09,
          "correlation": -0.31703881515869997,
          "performance": {
            "total_time": 24.006920448
          }
        },
        "21": {
          "residual": 2.7511942865110605e-10,
          "correlation": -0.31703881527171035,
          "performance": {
            "total_time": 23.82603064
          }
        },