{
  "output": {
    "SCF": {
      "iter": {
        "1": {
          "energy": -76.03823574633091,
          "e_diff": -76.03823574633091,
          "rmsd": 0.00305062044491862,
          "performance": {
            "total_time": 0.082641897
          }
        },
        "2": {
          "energy": -76.05118696501458,
          "e_diff": -0.012951218683667776,
          "rmsd": 0.0008726777431893678,
          "performance": {
            "total_time": 0.08803319799999999
          }
        },
        "3": {
          "energy": -76.05522663333076,
          "e_diff": -0.004039668316181633,
          "rmsd": 0.0003421165880088542,
          "performance": {
            "total_time": 0.11261412
          }
        },
        "4": {
          "energy": -76.05654684026652,
          "e_diff": -0.0013202069357589608,
          "rmsd": 0.00015696876804357232,
          "performance": {
            "total_time": 0.086111499
          }
        },
        "5": {
          "energy": -76.05695058698683,
          "e_diff": -0.00040374672030907277,
          "rmsd": 6.329311406296746e-05,
          "performance": {
            "total_time": 0.084859158
          }
        },
        "6": {
          "energy": -76.05707392893962,
          "e_diff": -0.00012334195278640436,
          "rmsd": 2.2252994251683798e-05,
          "performance": {
            "total_time": 0.083165969
          }
        },
        "7": {
          "energy": -76.05711132231252,
          "e_diff": -3.739337290653566e-05,
          "rmsd": 6.7157930105636445e-06,
          "performance": {
            "total_time": 0.084781855
          }
        },
        "8": {
          "energy": -76.05712258906394,
          "e_diff": -1.1266751414495957e-05,
          "rmsd": 1.986201122528545e-06,
          "performance": {
            "total_time": 0.085595243
          }
        },
        "9": {
          "energy": -76.05712597379443,
          "e_diff": -3.3847304905521014e-06,
          "rmsd": 5.934764312400376e-07,
          "performance": {
            "total_time": 0.087688024
          }
        },
        "10": {
          "energy": -76.05712698964325,
          "e_diff": -1.0158488237266283e-06,
          "rmsd": 1.7857880465011545e-07,
          "performance": {
            "total_time": 0.087807961
          }
        },
        "11": {
          "energy": -76.05712729443695,
          "e_diff": -3.047937013889168e-07,
          "rmsd": 5.382713383416897e-08,
          "performance": {
            "total_time": 0.09034181
          }
        },
        "12": {
          "energy": -76.05712738587849,
          "e_diff": -9.144153523266141e-08,
          "rmsd": 1.6170546567146534e-08,
          "performance": {
            "total_time": 0.086258184
          }
        },
        "13": {
          "energy": -76.05712741331132,
          "e_diff": -2.743283289419196e-08,
          "rmsd": 4.856067159349802e-09,
          "performance": {
            "total_time": 0.079426963
          }
        },
        "14": {
          "energy": -76.05712742154108,
          "e_diff": -8.229761760958354e-09,
          "rmsd": 1.4597608481549916e-09,
          "performance": {
            "total_time": 0.080211516
          }
        },
        "15": {
          "energy": -76.0571274240101,
          "e_diff": -2.4690223199286265e-09,
          "rmsd": 4.383456143569058e-10,
          "performance": {
            "total_time": 0.079139126
          }
        },
        "16": {
          "energy": -76.0571274247508,
          "e_diff": -7.406981694657588e-10,
          "rmsd": 1.320979847856937e-10,
          "performance": {
            "total_time": 0.079413905
          }
        }
      },
      "final_energy": -76.0571274247508,
      "n_iterations": 16
    },
    "CD": {
      "n_cholesky_vectors": 1108
    },
    "CCSD": {
      "iter": {
        "1": {
          "residual": 0.6552648707399745,
          "correlation": 0.0,
          "performance": {
            "total_time": 1.158936181
          }
        },
        "2": {
          "residual": 0.06516753525566675,
          "correlation": -0.27511698005197677,
          "performance": {
            "total_time": 1.115741716
          }
        },
        "3": {
          "residual": 0.01699449679019137,
          "correlation": -0.27526158541984286,
          "performance": {
            "total_time": 1.118785683
          }
        },
        "4": {
          "residual": 0.00502282407308057,
          "correlation": -0.2800752150678884,
          "performance": {
            "total_time": 1.120349242
          }
        },
        "5": {
          "residual": 0.002090334449318503,
          "correlation": -0.2804233657415601,
          "performance": {
            "total_time": 1.121208027
          }
        },
        "6": {
          "residual": 0.0007525730282649957,
          "correlation": -0.28086937531713757,
          "performance": {
            "total_time": 1.123026007
          }
        },
        "7": {
          "residual": 0.00024336394877747617,
          "correlation": -0.28084928049793684,
          "performance": {
            "total_time": 1.113242116
          }
        },
        "8": {
          "residual": 0.00011472901292174641,
          "correlation": -0.280857822207258,
          "performance": {
            "total_time": 1.122154629
          }
        },
        "9": {
          "residual": 5.006545883698121e-05,
          "correlation": -0.28086195008432047,
          "performance": {
            "total_time": 1.116093333
          }
        },
        "10": {
          "residual": 2.6720105387603217e-05,
          "correlation": -0.2808639046014963,
          "performance": {
            "total_time": 1.122803812
          }
        },
        "11": {
          "residual": 5.355392748158804e-06,
          "correlation": -0.28086596900061345,
          "performance": {
            "total_time": 1.120835299
          }
        },
        "12": {
          "residual": 2.61642311361017e-06,
          "correlation": -0.2808663801196345,
          "performance": {
            "total_time": 1.109578499
          }
        },
        "13": {
          "residual": 1.3587475256959703e-06,
          "correlation": -0.2808661770665676,
          "performance": {
            "total_time": 1.106872599
          }
        },
        "14": {
          "residual": 7.538134387878517e-07,
          "correlation": -0.28086614419161204,
          "performance": {
            "total_time": 1.101634643
          }
        },
        "15": {
          "residual": 4.260438270281989e-07,
          "correlation": -0.28086612612331563,
          "performance": {
            "total_time": 1.104454766
          }
        },
        "16": {
          "residual": 4.494112546271353e-08,
          "correlation": -0.28086612115213583,
          "performance": {
            "total_time": 1.119279018
          }
        },
        "17": {
          "residual": 1.4803628169279482e-08,
          "correlation": -0.28086611527500405,
          "performance": {
            "total_time": 1.117948082
          }
        },
        "18": {
          "residual": 6.365284252487946e-09,
          "correlation": -0.28086611636293757,
          "performance": {
            "total_time": 1.124918021
          }
        },
        "19": {
          "residual": 2.855382772125217e-09,
          "correlation": -0.28086611652067883,
          "performance": {
            "total_time": 1.120603979
          }
        },
        "20": {
          "residual": 1.417581125430174e-09,
          "correlation": -0.28086611667642375,
          "performance": {
            "total_time": 1.115831507
          }
        },
        "21": {
          "residual": 3.0646587937849607e-10,
          "correlation": -0.2808661168049869,
          "performance": {
            "total_time": 1.116903394
          }
        },