{
  "output": {
    "SCF": {
      "iter": {
        "1": {
          "energy": -76.03823574633091,
          "e_diff": -76.03823574633091,
          "rmsd": 0.00305062044491862,
          "performance": {
            "total_time": 0.079288541
          }
        },
        "2": {
          "energy": -76.05118696501458,
          "e_diff": -0.012951218683667776,
          "rmsd": 0.0008726777431893678,
          "performance": {
            "total_time": 0.079191298
          }
        },
        "3": {
          "energy": -76.05522663333076,
          "e_diff": -0.004039668316181633,
          "rmsd": 0.0003421165880088542,
          "performance": {
            "total_time": 0.097605485
          }
        },
        "4": {
          "energy": -76.05654684026652,
          "e_diff": -0.0013202069357589608,
          "rmsd": 0.00015696876804357232,
          "performance": {
            "total_time": 0.096148062
          }
        },
        "5": {
          "energy": -76.05695058698683,
          "e_diff": -0.00040374672030907277,
          "rmsd": 6.329311406296746e-05,
          "performance": {
            "total_time": 0.092182356
          }
        },
        "6": {
          "energy": -76.05707392893962,
          "e_diff": -0.00012334195278640436,
          "rmsd": 2.2252994251683798e-05,
          "performance": {
            "total_time": 0.086687425
          }
        },
        "7": {
          "energy": -76.05711132231252,
          "e_diff": -3.739337290653566e-05,
          "rmsd": 6.7157930105636445e-06,
          "performance": {
            "total_time": 0.102318082
          }
        },
        "8": {
          "energy": -76.05712258906394,
          "e_diff": -1.1266751414495957e-05,
          "rmsd": 1.986201122528545e-06,
          "performance": {
            "total_time": 0.095999783
          }
        },
        "9": {
          "energy": -76.05712597379443,
          "e_diff": -3.3847304905521014e-06,
          "rmsd": 5.934764312400376e-07,
          "performance": {
            "total_time": 0.093071846
          }
        },
        "10": {
          "energy": -76.05712698964325,
          "e_diff": -1.0158488237266283e-06,
          "rmsd": 1.7857880465011545e-07,
          "performance": {
            "total_time": 0.092149324
          }
        },
        "11": {
          "energy": -76.05712729443695,
          "e_diff": -3.047937013889168e-07,
          "rmsd": 5.382713383416897e-08,
          "performance": {
            "total_time": 0.089910746
          }
        },
        "12": {
          "energy": -76.05712738587849,
          "e_diff": -9.144153523266141e-08,
          "rmsd": 1.6170546567146534e-08,
          "performance": {
            "total_time": 0.084999644
          }
        },
        "13": {
          "energy": -76.05712741331132,
          "e_diff": -2.743283289419196e-08,
          "rmsd": 4.856067159349802e-09,
          "performance": {
            "total_time": 0.081084019
          }
        },
        "14": {
          "energy": -76.05712742154108,
          "e_diff": -8.229761760958354e-09,
          "rmsd": 1.4597608481549916e-09,
          "performance": {
            "total_time": 0.078710928
          }
        },
        "15": {
          "energy": -76.0571274240101,
          "e_diff": -2.4690223199286265e-09,
          "rmsd": 4.383456143569058e-10,
          "performance": {
            "total_time": 0.078270305
          }
        },
        "16": {
          "energy": -76.0571274247508,
          "e_diff": -7.406981694657588e-10,
          "rmsd": 1.320979847856937e-10,
          "performance": {
            "total_time": 0.076814718
          }
        }
      },
      "final_energy": -76.0571274247508,
      "n_iterations": 16
    },
    "CD": {
      "n_cholesky_vectors": 1108
    },
    "CCSD": {
      "iter": {
        "1": {
          "residual": 0.6552648707399747,
          "correlation": 0.0,
          "performance": {
            "total_time": 1.385839252
          }
        },
        "2": {
          "residual": 0.06516753525566678,
          "correlation": -0.27511698005197627,
          "performance": {
            "total_time": 1.189340896
          }
        },
        "3": {
          "residual": 0.01699449679019137,
          "correlation": -0.27526158541984264,
          "performance": {
            "total_time": 1.198625477
          }
        },
        "4": {
          "residual": 0.005022824073080581,
          "correlation": -0.28007521506788813,
          "performance": {
            "total_time": 1.235947101
          }
        },
        "5": {
          "residual": 0.002090334449318496,
          "correlation": -0.2804233657415601,
          "performance": {
            "total_time": 1.168056326
          }
        },
        "6": {
          "residual": 0.000753992418871001,
          "correlation": -0.28086245045898106,
          "performance": {
            "total_time": 1.173398916
          }
        },
        "7": {
          "residual": 0.0002443618442510479,
          "correlation": -0.28084941066342933,
          "performance": {
            "total_time": 1.191635616
          }
        },
        "8": {
          "residual": 0.00011556094671509347,
          "correlation": -0.28085748668704236,
          "performance": {
            "total_time": 1.231307175
          }
        },
        "9": {
          "residual": 5.0349636374677714e-05,
          "correlation": -0.2808618958867501,
          "performance": {
            "total_time": 1.277860872
          }
        },
        "10": {
          "residual": 2.6863308022003157e-05,
          "correlation": -0.2808638692178996,
          "performance": {
            "total_time": 1.210809672
          }
        },
        "11": {
          "residual": 5.358740477715639e-06,
          "correlation": -0.2808660045295078,
          "performance": {
            "total_time": 1.186811049
          }
        },
        "12": {
          "residual": 2.621962728837787e-06,
          "correlation": -0.28086637109138923,
          "performance": {
            "total_time": 1.263103701
          }
        },
        "13": {
          "residual": 1.3709272304730223e-06,
          "correlation": -0.28086617735877073,
          "performance": {
            "total_time": 1.3171255
          }
        },
        "14": {
          "residual": 7.605114850121543e-07,
          "correlation": -0.2808661436547831,
          "performance": {
            "total_time": 1.418344118
          }
        },
        "15": {
          "residual": 4.305990277829606e-07,
          "correlation": -0.28086612598690897,
          "performance": {
            "total_time": 1.41323854
          }
        },
        "16": {
          "residual": 4.560839458839337e-08,
          "correlation": -0.280866120460077,
          "performance": {
            "total_time": 1.230873495
          }
        },
        "17": {
          "residual": 1.5477394643523743e-08,
          "correlation": -0.2808661151742768,
          "performance": {
            "total_time": 1.229773779
          }
        },
        "18": {
          "residual": 6.779208687729589e-09,
          "correlation": -0.28086611630193525,
          "performance": {
            "total_time": 1.200584728
          }
        },
        "19": {
          "residual": 3.0556337672518886e-09,
          "correlation": -0.28086611649914056,
          "performance": {
            "total_time": 1.165652122
          }
        },
        "20": {
          "residual": 1.5242405763084548e-09,
          "correlation": -0.2808661166655832,
          "performance": {
            "total_time": 1.17339263
          }
        },
        "21": {
          "residual": 3.280905146693763e-10,
          "correlation": -0.28086611680123813,
          "performance": {
            "total_time": 1.308211319
          }
        },
        "22": {
          "residual": 1.6444840852620009e-10,