{
  "output": {
    "SCF": {
      "iter": {
        "1": {
          "energy": -76.04567100870821,
          "e_diff": -76.04567100870821,
          "rmsd": 0.0014377560750720127,
          "performance": {
            "total_time": 0.96310833
          }
        },
        "2": {
          "energy": -76.05876568988893,
          "e_diff": -0.013094681180717771,
          "rmsd": 0.0004663675989762367,
          "performance": {
            "total_time": 0.877054429
          }
        },
        "3": {
          "energy": -76.06286517459174,
          "e_diff": -0.004099484702805967,
          "rmsd": 0.0001789807124598389,
          "performance": {
            "total_time": 0.882801972
          }
        },
        "4": {
          "energy": -76.06420473093883,
          "e_diff": -0.00133955634709082,
          "rmsd": 7.691008822286786e-05,
          "performance": {
            "total_time": 0.874461723
          }
        },
        "5": {
          "energy": -76.06461332479412,
          "e_diff": -0.00040859385529756764,
          "rmsd": 2.948271328453241e-05,
          "performance": {
            "total_time": 0.883198183
          }
        },
        "6": {
          "energy": -76.06473780524405,
          "e_diff": -0.00012448044992652285,
          "rmsd": 1.038099251739065e-05,
          "performance": {
            "total_time": 0.887246888
          }
        },
        "7": {
          "energy": -76.06477548066039,
          "e_diff": -3.767541633692417e-05,
          "rmsd": 3.1480857610403763e-06,
          "performance": {
            "total_time": 0.886151275
          }
        },
        "8": {
          "energy": -76.06478682483615,
          "e_diff": -1.1344175760541475e-05,
          "rmsd": 9.03135431408967e-07,
          "performance": {
            "total_time": 0.894653232
          }
        },
        "9": {
          "energy": -76.06479023217602,
          "e_diff": -3.4073398751388595e-06,
          "rmsd": 2.6865771151498156e-07,
          "performance": {
            "total_time": 0.901936507
          }
        },
        "10": {
          "energy": -76.06479125475045,
          "e_diff": -1.0225744233594014e-06,
          "rmsd": 8.07108153414599e-08,
          "performance": {
            "total_time": 0.898219724
          }
        },
        "11": {
          "energy": -76.06479156155675,
          "e_diff": -3.068062994771026e-07,
          "rmsd": 2.430535619512268e-08,
          "performance": {
            "total_time": 0.898313996
          }
        },
        "12": {
          "energy": -76.0647916536017,
          "e_diff": -9.204495654557832e-08,
          "rmsd": 7.314064213542548e-09,
          "performance": {
            "total_time": 0.90913399
          }
        },
        "13": {
          "energy": -76.06479168121552,
          "e_diff": -2.7613822339844774e-08,
          "rmsd": 2.197649857616033e-09,
          "performance": {
            "total_time": 0.875468461
          }
        },
        "14": {
          "energy": -76.06479168949963,
          "e_diff": -8.284104069389286e-09,
          "rmsd": 6.607221545619293e-10,
          "performance": {
            "total_time": 0.878724925
          }
        },
        "15": {
          "energy": -76.06479169198477,
          "e_diff": -2.4851374291756656e-09,
          "rmsd": 1.9848718579397805e-10,
          "performance": {
            "total_time": 0.875099046
          }
        },
        "16": {
          "energy": -76.06479169273035,
          "e_diff": -7.455867034877883e-10,
          "rmsd": 5.985487613623785e-11,
          "performance": {
            "total_time": 0.869018477
          }
        }
      },
      "final_energy": -76.06479169273035,
      "n_iterations": 16
    },
    "CD": {
      "n_cholesky_vectors": 2181
    },
    "CCSD": {
      "iter": {
        "1": {
          "residual": 0.9360161011467958,
          "correlation": 0.0,
          "performance": {
            "total_time": 27.324813006
          }
        },
        "2": {
          "residual": 0.07999326443149825,
          "correlation": -0.3133281155643017,
          "performance": {
            "total_time": 26.512950761
          }
        },
        "3": {
          "residual": 0.019052925347519165,
          "correlation": -0.3109045920214685,
          "performance": {
            "total_time": 26.4935817
          }
        },
        "4": {
          "residual": 0.005209230080756231,
          "correlation": -0.31642737284497796,
          "performance": {
            "total_time": 26.462549071
          }
        },
        "5": {
          "residual": 0.0021743072772710628,
          "correlation": -0.31656614119404713,
          "performance": {
            "total_time": 26.500056149
          }
        },
        "6": {
          "residual": 0.0009971691755041683,
          "correlation": -0.3170647379714826,
          "performance": {
            "total_time": 26.519074012
          }
        },
        "7": {
          "residual": 0.0003122535008341168,
          "correlation": -0.31702098350414726,
          "performance": {
            "total_time": 26.564319353
          }
        },
        "8": {
          "residual": 0.0001400933822430831,
          "correlation": -0.31702784719287597,
          "performance": {
            "total_time": 26.611040856
          }
        },
        "9": {
          "residual": 5.608656815288317e-05,
          "correlation": -0.31703373314323297,
          "performance": {
            "total_time": 26.544814947
          }
        },
        "10": {
          "residual": 2.8341035849260133e-05,
          "correlation": -0.31703602456506935,
          "performance": {
            "total_time": 26.507895353
          }
        },
        "11": {
          "residual": 5.141450274805282e-06,
          "correlation": -0.31703869177286087,
          "performance": {
            "total_time": 26.626450637
          }
        },
        "12": {
          "residual": 2.6186549608573635e-06,
          "correlation": -0.3170389667105976,
          "performance": {
            "total_time": 26.556109562
          }
        },
        "13": {
          "residual": 1.441449274991442e-06,
          "correlation": -0.31703884268701427,
          "performance": {
            "total_time": 26.527807218
          }
        },
        "14": {
          "residual": 8.272577816701899e-07,
          "correlation": -0.317038829525778,
          "performance": {
            "total_time": 26.641478491
          }
        },
        "15": {
          "residual": 4.754559148343018e-07,
          "correlation": -0.3170388197798666,
          "performance": {
            "total_time": 26.621171115
          }
        },
        "16": {
          "residual": 3.620228005115e-08,
          "correlation": -0.31703881801826217,
          "performance": {
            "total_time": 26.481783355
          }
        },
        "17": {
          "residual": 1.2157011386816819e-08,
          "correlation": -0.3170388135556412,
          "performance": {
            "total_time": 26.522692019
          }
        },
        "18": {
          "residual": 4.723747036450646e-09,
          "correlation": -0.31703881487039776,
          "performance": {
            "total_time": 26.487746252
          }
        },
        "19": {
          "residual": 2.2502902687999473e-09,
          "correlation": -0.3170388149932137,
          "performance": {
            "total_time": 26.544388481
          }
        },
        "20": {
          "residual": 1.0402965193028276e-09,
          "correlation": -0.3170388151571039,
          "performance": {
            "total_time": 26.483285179
          }
        },
        "21": {
          "residual": 2.420810003646048e-10,
          "correlation": -0.31703881526692423,
          "performance": {
            "total_time": 26.519502473
          }
        },