{
  "output": {
    "SCF": {
      "iter": {
        "1": {
          "energy": -76.00972282596703,
          "e_diff": -76.00972282596703,
          "rmsd": 0.008462412601085498,
          "performance": {
            "total_time": 0.012857756
          }
        },
        "2": {
          "energy": -76.02127604778076,
          "e_diff": -0.011553221813727532,
          "rmsd": 0.003134557352679737,
          "performance": {
            "total_time": 0.013327047
          }
        },
        "3": {
          "energy": -76.0249787836307,
          "e_diff": -0.0037027358499415186,
          "rmsd": 0.0012359891637543344,
          "performance": {
            "total_time": 0.013430656
          }
        },
        "4": {
          "energy": -76.02621647977341,
          "e_diff": -0.0012376961427094102,
          "rmsd": 0.0006028305729290901,
          "performance": {
            "total_time": 0.013813076
          }
        },
        "5": {
          "energy": -76.026601054851,
          "e_diff": -0.0003845750775894885,
          "rmsd": 0.00022082941517892395,
          "performance": {
            "total_time": 0.014231467
          }
        },
        "6": {
          "energy": -76.0267201393163,
          "e_diff": -0.00011908446529673711,
          "rmsd": 7.198111902931023e-05,
          "performance": {
            "total_time": 0.014857626
          }
        },
        "7": {
          "energy": -76.02675641582286,
          "e_diff": -3.627650656312653e-05,
          "rmsd": 2.2077915298579458e-05,
          "performance": {
            "total_time": 0.015535536
          }
        },
        "8": {
          "energy": -76.02676735825983,
          "e_diff": -1.0942436972527503e-05,
          "rmsd": 6.6054131024239635e-06,
          "performance": {
            "total_time": 0.016424945
          }
        },
        "9": {
          "energy": -76.02677064664707,
          "e_diff": -3.288387233624235e-06,
          "rmsd": 1.9912814752979457e-06,
          "performance": {
            "total_time": 0.017280348
          }
        },
        "10": {
          "energy": -76.02677163367238,
          "e_diff": -9.870253165900067e-07,
          "rmsd": 5.982519644215428e-07,
          "performance": {
            "total_time": 0.019659082
          }
        },
        "11": {
          "energy": -76.02677192982603,
          "e_diff": -2.9615364383062115e-07,
          "rmsd": 1.7959610511013342e-07,
          "performance": {
            "total_time": 0.020546459
          }
        },
        "12": {
          "energy": -76.0267720186763,
          "e_diff": -8.885027114047261e-08,
          "rmsd": 5.388142706449837e-08,
          "performance": {
            "total_time": 0.014370774
          }
        },
        "13": {
          "energy": -76.0267720453318,
          "e_diff": -2.665549914127041e-08,
          "rmsd": 1.6166133323045545e-08,
          "performance": {
            "total_time": 0.013786848
          }
        },
        "14": {
          "energy": -76.02677205332844,
          "e_diff": -7.99664690021018e-09,
          "rmsd": 4.850554941803056e-09,
          "performance": {
            "total_time": 0.013355216
          }
        },
        "15": {
          "energy": -76.02677205572746,
          "e_diff": -2.3990196496015415e-09,
          "rmsd": 1.4551329661051036e-09,
          "performance": {
            "total_time": 0.01299967
          }
        },
        "16": {
          "energy": -76.02677205644716,
          "e_diff": -7.196945261966903e-10,
          "rmsd": 4.36574320490135e-10,
          "performance": {
            "total_time": 0.012952518
          }
        }
      },
      "final_energy": -76.02677205644716,
      "n_iterations": 16
    },
    "CD": {
      "n_cholesky_vectors": 279
    },
    "CCSD": {
      "iter": {
        "1": {
          "residual": 0.4318050649027351,
          "correlation": 0.0,
          "performance": {
            "total_time": 0.023422771
          }
        },
        "2": {
          "residual": 0.05015121226683553,
          "correlation": -0.20400355906453557,
          "performance": {
            "total_time": 0.022130682
          }
        },
        "3": {
          "residual": 0.015139213356376875,
          "correlation": -0.20895408299659626,
          "performance": {
            "total_time": 0.021021499
          }
        },
        "4": {
          "residual": 0.00529359320057326,
          "correlation": -0.2121583939136879,
          "performance": {
            "total_time": 0.021495238
          }
        },
        "5": {
          "residual": 0.0021480140497693837,
          "correlation": -0.21287071141869615,
          "performance": {
            "total_time": 0.022227064
          }
        },
        "6": {
          "residual": 0.0005465823806830672,
          "correlation": -0.21331975251872412,
          "performance": {
            "total_time": 0.023094814
          }
        },
        "7": {
          "residual": 0.00018499465073948073,
          "correlation": -0.21331429827059434,
          "performance": {
            "total_time": 0.022955219
          }
        },
        "8": {
          "residual": 9.211268433674907e-05,
          "correlation": -0.21332111719448643,
          "performance": {
            "total_time": 0.021750383
          }
        },
        "9": {
          "residual": 4.4857777435409365e-05,
          "correlation": -0.213324154252996,
          "performance": {
            "total_time": 0.021271094
          }
        },
        "10": {
          "residual": 2.4102243774426884e-05,
          "correlation": -0.2133256746530518,
          "performance": {
            "total_time": 0.021863364
          }
        },
        "11": {
          "residual": 3.5978768292655686e-06,
          "correlation": -0.21332722383437552,
          "performance": {
            "total_time": 0.023004022
          }
        },
        "12": {
          "residual": 1.5665872738840714e-06,
          "correlation": -0.21332764500607468,
          "performance": {
            "total_time": 0.021260639
          }
        },
        "13": {
          "residual": 7.661339657912378e-07,
          "correlation": -0.21332748136033158,
          "performance": {
            "total_time": 0.02107083
          }
        },
        "14": {
          "residual": 3.971688041292899e-07,
          "correlation": -0.21332744696213185,
          "performance": {
            "total_time": 0.021621539
          }
        },
        "15": {
          "residual": 2.154508766704635e-07,
          "correlation": -0.2133274311614274,
          "performance": {
            "total_time": 0.021734453
          }
        },
        "16": {
          "residual": 3.1335025242407866e-08,
          "correlation": -0.21332742373540578,
          "performance": {
            "total_time": 0.021619333
          }
        },
        "17": {
          "residual": 1.059427637778687e-08,
          "correlation": -0.21332742138684102,
          "performance": {
            "total_time": 0.025803314
          }
        },
        "18": {
          "residual": 5.027221398403946e-09,
          "correlation": -0.2133274216598054,
          "performance": {
            "total_time": 0.021135854
          }
        },
        "19": {
          "residual": 2.353473080748786e-09,
          "correlation": -0.21332742184856657,
          "performance": {
            "total_time": 0.021648881
          }
        },
        "20": {
          "residual": 1.2160136872518067e-09,
          "correlation": -0.2133274219413946,
          "performance": {
            "total_time": 0.021405656
          }
        },
        "21": {
          "residual": 1.9699380150515985e-10,
          "correlation": -0.21332742202885818,
          "performance": {
            "total_time": 0.021600127
          }
        },
        "22": {
          "residual": 9.809583261136079e-11,