{
  "output": {
    "SCF": {
      "iter": {
        "1": {
          "energy": -76.00972282596703,
          "e_diff": -76.00972282596703,
          "rmsd": 0.008462412601085498,
          "performance": {
            "total_time": 0.013326165
          }
        },
        "2": {
          "energy": -76.02127604778076,
          "e_diff": -0.011553221813727532,
          "rmsd": 0.003134557352679737,
          "performance": {
            "total_time": 0.014342952
          }
        },
        "3": {
          "energy": -76.0249787836307,
          "e_diff": -0.0037027358499415186,
          "rmsd": 0.0012359891637543344,
          "performance": {
            "total_time": 0.015164767
          }
        },
        "4": {
          "energy": -76.02621647977341,
          "e_diff": -0.0012376961427094102,
          "rmsd": 0.0006028305729290901,
          "performance": {
            "total_time": 0.014913834
          }
        },
        "5": {
          "energy": -76.026601054851,
          "e_diff": -0.0003845750775894885,
          "rmsd": 0.00022082941517892395,
          "performance": {
            "total_time": 0.015583282
          }
        },
        "6": {
          "energy": -76.0267201393163,
          "e_diff": -0.00011908446529673711,
          "rmsd": 7.198111902931023e-05,
          "performance": {
            "total_time": 0.015674213
          }
        },
        "7": {
          "energy": -76.02675641582286,
          "e_diff": -3.627650656312653e-05,
          "rmsd": 2.2077915298579458e-05,
          "performance": {
            "total_time": 0.016042182
          }
        },
        "8": {
          "energy": -76.02676735825983,
          "e_diff": -1.0942436972527503e-05,
          "rmsd": 6.6054131024239635e-06,
          "performance": {
            "total_time": 0.016949146
          }
        },
        "9": {
          "energy": -76.02677064664707,
          "e_diff": -3.288387233624235e-06,
          "rmsd": 1.9912814752979457e-06,
          "performance": {
            "total_time": 0.017662071
          }
        },
        "10": {
          "energy": -76.02677163367238,
          "e_diff": -9.870253165900067e-07,
          "rmsd": 5.982519644215428e-07,
          "performance": {
            "total_time": 0.01869956
          }
        },
        "11": {
          "energy": -76.02677192982603,
          "e_diff": -2.9615364383062115e-07,
          "rmsd": 1.7959610511013342e-07,
          "performance": {
            "total_time": 0.019446851
          }
        },
        "12": {
          "energy": -76.0267720186763,
          "e_diff": -8.885027114047261e-08,
          "rmsd": 5.388142706449837e-08,
          "performance": {
            "total_time": 0.017061112
          }
        },
        "13": {
          "energy": -76.0267720453318,
          "e_diff": -2.665549914127041e-08,
          "rmsd": 1.6166133323045545e-08,
          "performance": {
            "total_time": 0.015498206
          }
        },
        "14": {
          "energy": -76.02677205332844,
          "e_diff": -7.99664690021018e-09,
          "rmsd": 4.850554941803056e-09,
          "performance": {
            "total_time": 0.0136207
          }
        },
        "15": {
          "energy": -76.02677205572746,
          "e_diff": -2.3990196496015415e-09,
          "rmsd": 1.4551329661051036e-09,
          "performance": {
            "total_time": 0.013476789
          }
        },
        "16": {
          "energy": -76.02677205644716,
          "e_diff": -7.196945261966903e-10,
          "rmsd": 4.36574320490135e-10,
          "performance": {
            "total_time": 0.013869421
          }
        }
      },
      "final_energy": -76.02677205644716,
      "n_iterations": 16
    },
    "CD": {
      "n_cholesky_vectors": 279
    },
    "CCSD": {
      "iter": {
        "1": {
          "residual": 0.4318050649027351,
          "correlation": 0.0,
          "performance": {
            "total_time": 0.023547564
          }
        },
        "2": {
          "residual": 0.050151212266835526,
          "correlation": -0.20400355906453554,
          "performance": {
            "total_time": 0.021425458
          }
        },
        "3": {
          "residual": 0.015139213356376866,
          "correlation": -0.20895408299659635,
          "performance": {
            "total_time": 0.02074604
          }
        },
        "4": {
          "residual": 0.005293593200573255,
          "correlation": -0.2121583939136879,
          "performance": {
            "total_time": 0.021107
          }
        },
        "5": {
          "residual": 0.002148014049769408,
          "correlation": -0.21287071141869615,
          "performance": {
            "total_time": 0.022074703
          }
        },
        "6": {
          "residual": 0.0005462183413327765,
          "correlation": -0.2133227390345066,
          "performance": {
            "total_time": 0.020826512
          }
        },
        "7": {
          "residual": 0.0001828955843534289,
          "correlation": -0.21331533958256882,
          "performance": {
            "total_time": 0.020671162
          }
        },
        "8": {
          "residual": 9.09889094254137e-05,
          "correlation": -0.21332153983174165,
          "performance": {
            "total_time": 0.020960285
          }
        },
        "9": {
          "residual": 4.432620647839179e-05,
          "correlation": -0.21332431825250436,
          "performance": {
            "total_time": 0.021554202
          }
        },
        "10": {
          "residual": 2.3859763303797603e-05,
          "correlation": -0.21332574214379457,
          "performance": {
            "total_time": 0.0217892
          }
        },
        "11": {
          "residual": 3.575351456434067e-06,
          "correlation": -0.21332721840871124,
          "performance": {
            "total_time": 0.022577776
          }
        },
        "12": {
          "residual": 1.5706129783067012e-06,
          "correlation": -0.21332763801330226,
          "performance": {
            "total_time": 0.022246115
          }
        },
        "13": {
          "residual": 7.73460109195151e-07,
          "correlation": -0.21332747926705747,
          "performance": {
            "total_time": 0.021512769
          }
        },
        "14": {
          "residual": 4.032942945746677e-07,
          "correlation": -0.21332744604467901,
          "performance": {
            "total_time": 0.021470459
          }
        },
        "15": {
          "residual": 2.196361309597804e-07,
          "correlation": -0.21332743077781685,
          "performance": {
            "total_time": 0.021664516
          }
        },
        "16": {
          "residual": 3.0631772678280465e-08,
          "correlation": -0.21332742406243124,
          "performance": {
            "total_time": 0.022872954
          }
        },
        "17": {
          "residual": 9.832068839374168e-09,
          "correlation": -0.21332742154185885,
          "performance": {
            "total_time": 0.022992391
          }
        },
        "18": {
          "residual": 4.542478400188363e-09,
          "correlation": -0.21332742171870878,
          "performance": {
            "total_time": 0.022679734
          }
        },
        "19": {
          "residual": 2.0878003208836025e-09,
          "correlation": -0.21332742187571455,
          "performance": {
            "total_time": 0.02288594
          }
        },
        "20": {
          "residual": 1.0692290181930463e-09,
          "correlation": -0.21332742195366886,
          "performance": {
            "total_time": 0.024666881
          }
        },
        "21": {
          "residual": 1.7777648839108083e-10,
          "correlation": -0.21332742203093522,
          "performance": {
            "total_time": 0.022995934
          }
        },
        "22": {
          "residual": 9.22470340987617e-11,