{
  "output": {
    "SCF": {
      "iter": {
        "1": {
          "energy": -76.03823574633091,
          "e_diff": -76.03823574633091,
          "rmsd": 0.00305062044491862,
          "performance": {
            "total_time": 0.080493605
          }
        },
        "2": {
          "energy": -76.05118696501458,
          "e_diff": -0.012951218683667776,
          "rmsd": 0.0008726777431893678,
          "performance": {
            "total_time": 0.085383626
          }
        },
        "3": {
          "energy": -76.05522663333076,
          "e_diff": -0.004039668316181633,
          "rmsd": 0.0003421165880088542,
          "performance": {
            "total_time": 0.122357717
          }
        },
        "4": {
          "energy": -76.05654684026652,
          "e_diff": -0.0013202069357589608,
          "rmsd": 0.00015696876804357232,
          "performance": {
            "total_time": 0.100651887
          }
        },
        "5": {
          "energy": -76.05695058698683,
          "e_diff": -0.00040374672030907277,
          "rmsd": 6.329311406296746e-05,
          "performance": {
            "total_time": 0.078071079
          }
        },
        "6": {
          "energy": -76.05707392893962,
          "e_diff": -0.00012334195278640436,
          "rmsd": 2.2252994251683798e-05,
          "performance": {
            "total_time": 0.088319536
          }
        },
        "7": {
          "energy": -76.05711132231252,
          "e_diff": -3.739337290653566e-05,
          "rmsd": 6.7157930105636445e-06,
          "performance": {
            "total_time": 0.085113201
          }
        },
        "8": {
          "energy": -76.05712258906394,
          "e_diff": -1.1266751414495957e-05,
          "rmsd": 1.986201122528545e-06,
          "performance": {
            "total_time": 0.087224063
          }
        },
        "9": {
          "energy": -76.05712597379443,
          "e_diff": -3.3847304905521014e-06,
          "rmsd": 5.934764312400376e-07,
          "performance": {
            "total_time": 0.086919902
          }
        },
        "10": {
          "energy": -76.05712698964325,
          "e_diff": -1.0158488237266283e-06,
          "rmsd": 1.7857880465011545e-07,
          "performance": {
            "total_time": 0.087980513
          }
        },
        "11": {
          "energy": -76.05712729443695,
          "e_diff": -3.047937013889168e-07,
          "rmsd": 5.382713383416897e-08,
          "performance": {
            "total_time": 0.088217976
          }
        },
        "12": {
          "energy": -76.05712738587849,
          "e_diff": -9.144153523266141e-08,
          "rmsd": 1.6170546567146534e-08,
          "performance": {
            "total_time": 0.086401646
          }
        },
        "13": {
          "energy": -76.05712741331132,
          "e_diff": -2.743283289419196e-08,
          "rmsd": 4.856067159349802e-09,
          "performance": {
            "total_time": 0.079375633
          }
        },
        "14": {
          "energy": -76.05712742154108,
          "e_diff": -8.229761760958354e-09,
          "rmsd": 1.4597608481549916e-09,
          "performance": {
            "total_time": 0.08136133
          }
        },
        "15": {
          "energy": -76.0571274240101,
          "e_diff": -2.4690223199286265e-09,
          "rmsd": 4.383456143569058e-10,
          "performance": {
            "total_time": 0.079749883
          }
        },
        "16": {
          "energy": -76.0571274247508,
          "e_diff": -7.406981694657588e-10,
          "rmsd": 1.320979847856937e-10,
          "performance": {
            "total_time": 0.078466523
          }
        }
      },
      "final_energy": -76.0571274247508,
      "n_iterations": 16
    },
    "CD": {
      "n_cholesky_vectors": 1108
    },
    "CCSD": {
      "iter": {
        "1": {
          "residual": 0.6552648707399745,
          "correlation": 0.0,
          "performance": {
            "total_time": 1.056726468
          }
        },
        "2": {
          "residual": 0.06516753525566676,
          "correlation": -0.2751169800519767,
          "performance": {
            "total_time": 0.990797362
          }
        },
        "3": {
          "residual": 0.01699449679019137,
          "correlation": -0.27526158541984286,
          "performance": {
            "total_time": 0.98934557
          }
        },
        "4": {
          "residual": 0.005022824073080568,
          "correlation": -0.2800752150678882,
          "performance": {
            "total_time": 0.976149209
          }
        },
        "5": {
          "residual": 0.0020903344493184953,
          "correlation": -0.2804233657415601,
          "performance": {
            "total_time": 0.959433855
          }
        },
        "6": {
          "residual": 0.0007510307426655014,
          "correlation": -0.2808783066501648,
          "performance": {
            "total_time": 0.941773915
          }
        },
        "7": {
          "residual": 0.00023885708030210352,
          "correlation": -0.2808501683330521,
          "performance": {
            "total_time": 0.945616158
          }
        },
        "8": {
          "residual": 0.00011192086850550296,
          "correlation": -0.2808587149021722,
          "performance": {
            "total_time": 0.953872478
          }
        },
        "9": {
          "residual": 4.883304804367022e-05,
          "correlation": -0.2808622062902867,
          "performance": {
            "total_time": 0.95481527
          }
        },
        "10": {
          "residual": 2.6157816321906163e-05,
          "correlation": -0.2808640278406432,
          "performance": {
            "total_time": 0.954744677
          }
        },
        "11": {
          "residual": 5.3181225670792105e-06,
          "correlation": -0.2808658805428513,
          "performance": {
            "total_time": 0.952569902
          }
        },
        "12": {
          "residual": 2.587748614014337e-06,
          "correlation": -0.2808663697299159,
          "performance": {
            "total_time": 0.959827524
          }
        },
        "13": {
          "residual": 1.370982476027264e-06,
          "correlation": -0.28086616784019797,
          "performance": {
            "total_time": 0.951501744
          }
        },
        "14": {
          "residual": 7.630397388109406e-07,
          "correlation": -0.28086614118620384,
          "performance": {
            "total_time": 0.952016225
          }
        },
        "15": {
          "residual": 4.34756037353825e-07,
          "correlation": -0.2808661245239916,
          "performance": {
            "total_time": 0.950725688
          }
        },
        "16": {
          "residual": 4.858836304375304e-08,
          "correlation": -0.28086611977387305,
          "performance": {
            "total_time": 0.952602999
          }
        },
        "17": {
          "residual": 1.5548913773153256e-08,
          "correlation": -0.2808661153733385,
          "performance": {
            "total_time": 0.951604511
          }
        },
        "18": {
          "residual": 6.864602073351403e-09,
          "correlation": -0.2808661162971938,
          "performance": {
            "total_time": 0.962670698
          }
        },
        "19": {
          "residual": 3.005704188980862e-09,
          "correlation": -0.28086611651402993,
          "performance": {
            "total_time": 1.013436928
          }
        },
        "20": {
          "residual": 1.5234549535978834e-09,
          "correlation": -0.2808661166669207,
          "performance": {
            "total_time": 1.031447777
          }
        },
        "21": {
          "residual": 3.254027429032959e-10,
          "correlation": -0.28086611679498685,
          "performance": {
            "total_time": 1.031593344
          }
        },
        "22": {
          "residual": 1.674599184585611e-10,