{
  "output": {
    "SCF": {
      "iter": {
        "1": {
          "energy": -76.03823574633091,
          "e_diff": -76.03823574633091,
          "rmsd": 0.00305062044491862,
          "performance": {
            "total_time": 0.076607388
          }
        },
        "2": {
          "energy": -76.05118696501458,
          "e_diff": -0.012951218683667776,
          "rmsd": 0.0008726777431893678,
          "performance": {
            "total_time": 0.099924184
          }
        },
        "3": {
          "energy": -76.05522663333076,
          "e_diff": -0.004039668316181633,
          "rmsd": 0.0003421165880088542,
          "performance": {
            "total_time": 0.116506064
          }
        },
        "4": {
          "energy": -76.05654684026652,
          "e_diff": -0.0013202069357589608,
          "rmsd": 0.00015696876804357232,
          "performance": {
            "total_time": 0.078864479
          }
        },
        "5": {
          "energy": -76.05695058698683,
          "e_diff": -0.00040374672030907277,
          "rmsd": 6.329311406296746e-05,
          "performance": {
            "total_time": 0.079589564
          }
        },
        "6": {
          "energy": -76.05707392893962,
          "e_diff": -0.00012334195278640436,
          "rmsd": 2.2252994251683798e-05,
          "performance": {
            "total_time": 0.082131226
          }
        },
        "7": {
          "energy": -76.05711132231252,
          "e_diff": -3.739337290653566e-05,
          "rmsd": 6.7157930105636445e-06,
          "performance": {
            "total_time": 0.084281369
          }
        },
        "8": {
          "energy": -76.05712258906394,
          "e_diff": -1.1266751414495957e-05,
          "rmsd": 1.986201122528545e-06,
          "performance": {
            "total_time": 0.07958035
          }
        },
        "9": {
          "energy": -76.05712597379443,
          "e_diff": -3.3847304905521014e-06,
          "rmsd": 5.934764312400376e-07,
          "performance": {
            "total_time": 0.081987383
          }
        },
        "10": {
          "energy": -76.05712698964325,
          "e_diff": -1.0158488237266283e-06,
          "rmsd": 1.7857880465011545e-07,
          "performance": {
            "total_time": 0.082983907
          }
        },
        "11": {
          "energy": -76.05712729443695,
          "e_diff": -3.047937013889168e-07,
          "rmsd": 5.382713383416897e-08,
          "performance": {
            "total_time": 0.082558575
          }
        },
        "12": {
          "energy": -76.05712738587849,
          "e_diff": -9.144153523266141e-08,
          "rmsd": 1.6170546567146534e-08,
          "performance": {
            "total_time": 0.081286642
          }
        },
        "13": {
          "energy": -76.05712741331132,
          "e_diff": -2.743283289419196e-08,
          "rmsd": 4.856067159349802e-09,
          "performance": {
            "total_time": 0.073932248
          }
        },
        "14": {
          "energy": -76.05712742154108,
          "e_diff": -8.229761760958354e-09,
          "rmsd": 1.4597608481549916e-09,
          "performance": {
            "total_time": 0.076094394
          }
        },
        "15": {
          "energy": -76.0571274240101,
          "e_diff": -2.4690223199286265e-09,
          "rmsd": 4.383456143569058e-10,
          "performance": {
            "total_time": 0.074335823
          }
        },
        "16": {
          "energy": -76.0571274247508,
          "e_diff": -7.406981694657588e-10,
          "rmsd": 1.320979847856937e-10,
          "performance": {
            "total_time": 0.07519181
          }
        }
      },
      "final_energy": -76.0571274247508,
      "n_iterations": 16
    },
    "CD": {
      "n_cholesky_vectors": 1108
    },
    "CCSD": {
      "iter": {
        "1": {
          "residual": 0.6552648707399746,
          "correlation": 0.0,
          "performance": {
            "total_time": 0.957922792
          }
        },
        "2": {
          "residual": 0.06516753525566678,
          "correlation": -0.2751169800519765,
          "performance": {
            "total_time": 0.844711775
          }
        },
        "3": {
          "residual": 0.01699449679019136,
          "correlation": -0.27526158541984297,
          "performance": {
            "total_time": 0.858139599
          }
        },
        "4": {
          "residual": 0.005022824073080566,
          "correlation": -0.2800752150678881,
          "performance": {
            "total_time": 0.860800006
          }
        },
        "5": {
          "residual": 0.0020903344493185044,
          "correlation": -0.2804233657415599,
          "performance": {
            "total_time": 0.856600605
          }
        },
        "6": {
          "residual": 0.0007532355551167905,
          "correlation": -0.2808896225878714,
          "performance": {
            "total_time": 0.846930862
          }
        },
        "7": {
          "residual": 0.00023752845625347712,
          "correlation": -0.28085159389929876,
          "performance": {
            "total_time": 0.84765766
          }
        },
        "8": {
          "residual": 0.00011073402784144576,
          "correlation": -0.28085931200535236,
          "performance": {
            "total_time": 0.840379161
          }
        },
        "9": {
          "residual": 4.8348568240322735e-05,
          "correlation": -0.2808623667396549,
          "performance": {
            "total_time": 0.841326598
          }
        },
        "10": {
          "residual": 2.5926204918649736e-05,
          "correlation": -0.28086409725352524,
          "performance": {
            "total_time": 0.890357453
          }
        },
        "11": {
          "residual": 5.302955453165749e-06,
          "correlation": -0.2808659016544496,
          "performance": {
            "total_time": 0.848110952
          }
        },
        "12": {
          "residual": 2.574782768142094e-06,
          "correlation": -0.2808663810596174,
          "performance": {
            "total_time": 0.847322211
          }
        },
        "13": {
          "residual": 1.3403155932127362e-06,
          "correlation": -0.28086616922073426,
          "performance": {
            "total_time": 0.851864068
          }
        },
        "14": {
          "residual": 7.481431143489433e-07,
          "correlation": -0.2808661418321414,
          "performance": {
            "total_time": 0.86294924
          }
        },
        "15": {
          "residual": 4.2416482950690073e-07,
          "correlation": -0.28086612484121104,
          "performance": {
            "total_time": 0.872304252
          }
        },
        "16": {
          "residual": 4.432530967455014e-08,
          "correlation": -0.2808661218219343,
          "performance": {
            "total_time": 0.881569898
          }
        },
        "17": {
          "residual": 1.3335832466354035e-08,
          "correlation": -0.28086611565472525,
          "performance": {
            "total_time": 0.855700476
          }
        },
        "18": {
          "residual": 5.5657837241572735e-09,
          "correlation": -0.2808661164639097,
          "performance": {
            "total_time": 0.865144498
          }
        },
        "19": {
          "residual": 2.4255164654872855e-09,
          "correlation": -0.28086611657209076,
          "performance": {
            "total_time": 0.85927718
          }
        },
        "20": {
          "residual": 1.2060408687199877e-09,
          "correlation": -0.2808661166981544,
          "performance": {
            "total_time": 0.863959772
          }
        },
        "21": {
          "residual": 2.6325648754812676e-10,
          "correlation": -0.28086611681319346,
          "performance": {
            "total_time": 0.878275338
          }
        },