{
  "output": {
    "SCF": {
      "iter": {
        "1": {
          "energy": -76.03823574633091,
          "e_diff": -76.03823574633091,
          "rmsd": 0.00305062044491862,
          "performance": {
            "total_time": 0.077701289
          }
        },
        "2": {
          "energy": -76.05118696501458,
          "e_diff": -0.012951218683667776,
          "rmsd": 0.0008726777431893678,
          "performance": {
            "total_time": 0.102335915
          }
        },
        "3": {
          "energy": -76.05522663333076,
          "e_diff": -0.004039668316181633,
          "rmsd": 0.0003421165880088542,
          "performance": {
            "total_time": 0.09455916
          }
        },
        "4": {
          "energy": -76.05654684026652,
          "e_diff": -0.0013202069357589608,
          "rmsd": 0.00015696876804357232,
          "performance": {
            "total_time": 0.080858298
          }
        },
        "5": {
          "energy": -76.05695058698683,
          "e_diff": -0.00040374672030907277,
          "rmsd": 6.329311406296746e-05,
          "performance": {
            "total_time": 0.080695695
          }
        },
        "6": {
          "energy": -76.05707392893962,
          "e_diff": -0.00012334195278640436,
          "rmsd": 2.2252994251683798e-05,
          "performance": {
            "total_time": 0.082299376
          }
        },
        "7": {
          "energy": -76.05711132231252,
          "e_diff": -3.739337290653566e-05,
          "rmsd": 6.7157930105636445e-06,
          "performance": {
            "total_time": 0.083791809
          }
        },
        "8": {
          "energy": -76.05712258906394,
          "e_diff": -1.1266751414495957e-05,
          "rmsd": 1.986201122528545e-06,
          "performance": {
            "total_time": 0.081664715
          }
        },
        "9": {
          "energy": -76.05712597379443,
          "e_diff": -3.3847304905521014e-06,
          "rmsd": 5.934764312400376e-07,
          "performance": {
            "total_time": 0.083759359
          }
        },
        "10": {
          "energy": -76.05712698964325,
          "e_diff": -1.0158488237266283e-06,
          "rmsd": 1.7857880465011545e-07,
          "performance": {
            "total_time": 0.08499694000000001
          }
        },
        "11": {
          "energy": -76.05712729443695,
          "e_diff": -3.047937013889168e-07,
          "rmsd": 5.382713383416897e-08,
          "performance": {
            "total_time": 0.08581898
          }
        },
        "12": {
          "energy": -76.05712738587849,
          "e_diff": -9.144153523266141e-08,
          "rmsd": 1.6170546567146534e-08,
          "performance": {
            "total_time": 0.083147808
          }
        },
        "13": {
          "energy": -76.05712741331132,
          "e_diff": -2.743283289419196e-08,
          "rmsd": 4.856067159349802e-09,
          "performance": {
            "total_time": 0.075711434
          }
        },
        "14": {
          "energy": -76.05712742154108,
          "e_diff": -8.229761760958354e-09,
          "rmsd": 1.4597608481549916e-09,
          "performance": {
            "total_time": 0.075770679
          }
        },
        "15": {
          "energy": -76.0571274240101,
          "e_diff": -2.4690223199286265e-09,
          "rmsd": 4.383456143569058e-10,
          "performance": {
            "total_time": 0.084220014
          }
        },
        "16": {
          "energy": -76.0571274247508,
          "e_diff": -7.406981694657588e-10,
          "rmsd": 1.320979847856937e-10,
          "performance": {
            "total_time": 0.075705788
          }
        }
      },
      "final_energy": -76.0571274247508,
      "n_iterations": 16
    },
    "CD": {
      "n_cholesky_vectors": 1108
    },
    "CCSD": {
      "iter": {
        "1": {
          "residual": 0.6552648707399746,
          "correlation": 0.0,
          "performance": {
            "total_time": 0.967026563
          }
        },
        "2": {
          "residual": 0.06516753525566678,
          "correlation": -0.2751169800519765,
          "performance": {
            "total_time": 0.852580992
          }
        },
        "3": {
          "residual": 0.01699449679019136,
          "correlation": -0.275261585419843,
          "performance": {
            "total_time": 0.863325605
          }
        },
        "4": {
          "residual": 0.005022824073080566,
          "correlation": -0.28007521506788796,
          "performance": {
            "total_time": 0.863441099
          }
        },
        "5": {
          "residual": 0.0020903344493185126,
          "correlation": -0.28042336574156,
          "performance": {
            "total_time": 0.880100021
          }
        },
        "6": {
          "residual": 0.0007534631446215448,
          "correlation": -0.2808899893376385,
          "performance": {
            "total_time": 0.876956368
          }
        },
        "7": {
          "residual": 0.0002376112152702791,
          "correlation": -0.2808516832699844,
          "performance": {
            "total_time": 0.869401227
          }
        },
        "8": {
          "residual": 0.00011079290162744189,
          "correlation": -0.28085929742018095,
          "performance": {
            "total_time": 0.871514014
          }
        },
        "9": {
          "residual": 4.8357107447341787e-05,
          "correlation": -0.28086236762035266,
          "performance": {
            "total_time": 0.868776834
          }
        },
        "10": {
          "residual": 2.593299728143623e-05,
          "correlation": -0.2808640957977323,
          "performance": {
            "total_time": 0.865876446
          }
        },
        "11": {
          "residual": 5.298876981697337e-06,
          "correlation": -0.2808659065366719,
          "performance": {
            "total_time": 0.865735583
          }
        },
        "12": {
          "residual": 2.585827952639395e-06,
          "correlation": -0.28086637738587894,
          "performance": {
            "total_time": 0.872525431
          }
        },
        "13": {
          "residual": 1.3499037094980295e-06,
          "correlation": -0.2808661685238846,
          "performance": {
            "total_time": 0.889256122
          }
        },
        "14": {
          "residual": 7.545796083266169e-07,
          "correlation": -0.28086614138888955,
          "performance": {
            "total_time": 0.907539253
          }
        },
        "15": {
          "residual": 4.2816270540045273e-07,
          "correlation": -0.2808661246631488,
          "performance": {
            "total_time": 0.871074794
          }
        },
        "16": {
          "residual": 4.3818485910576725e-08,
          "correlation": -0.28086612189767557,
          "performance": {
            "total_time": 0.87450578
          }
        },
        "17": {
          "residual": 1.3180395902453765e-08,
          "correlation": -0.2808661156443665,
          "performance": {
            "total_time": 0.881655303
          }
        },
        "18": {
          "residual": 5.488966901712409e-09,
          "correlation": -0.2808661164702779,
          "performance": {
            "total_time": 0.861038078
          }
        },
        "19": {
          "residual": 2.398033845373549e-09,
          "correlation": -0.2808661165735795,
          "performance": {
            "total_time": 0.865002689
          }
        },
        "20": {
          "residual": 1.1911937465514113e-09,
          "correlation": -0.2808661166994658,
          "performance": {
            "total_time": 0.884453136
          }
        },
        "21": {
          "residual": 2.6078186569822185e-10,
          "correlation": -0.2808661168130674,
          "performance": {
            "total_time": 0.874385558
          }
        },