{
  "output": {
    "SCF": {
      "iter": {
        "1": {
          "energy": -76.00972282596703,
          "e_diff": -76.00972282596703,
          "rmsd": 0.008462412601085498,
          "performance": {
            "total_time": 0.013330078
          }
        },
        "2": {
          "energy": -76.02127604778076,
          "e_diff": -0.011553221813727532,
          "rmsd": 0.003134557352679737,
          "performance": {
            "total_time": 0.013365926
          }
        },
        "3": {
          "energy": -76.0249787836307,
          "e_diff": -0.0037027358499415186,
          "rmsd": 0.0012359891637543344,
          "performance": {
            "total_time": 0.013710516
          }
        },
        "4": {
          "energy": -76.02621647977341,
          "e_diff": -0.0012376961427094102,
          "rmsd": 0.0006028305729290901,
          "performance": {
            "total_time": 0.013999617
          }
        },
        "5": {
          "energy": -76.026601054851,
          "e_diff": -0.0003845750775894885,
          "rmsd": 0.00022082941517892395,
          "performance": {
            "total_time": 0.014762335
          }
        },
        "6": {
          "energy": -76.0267201393163,
          "e_diff": -0.00011908446529673711,
          "rmsd": 7.198111902931023e-05,
          "performance": {
            "total_time": 0.01545795
          }
        },
        "7": {
          "energy": -76.02675641582286,
          "e_diff": -3.627650656312653e-05,
          "rmsd": 2.2077915298579458e-05,
          "performance": {
            "total_time": 0.016111841
          }
        },
        "8": {
          "energy": -76.02676735825983,
          "e_diff": -1.0942436972527503e-05,
          "rmsd": 6.6054131024239635e-06,
          "performance": {
            "total_time": 0.016645499
          }
        },
        "9": {
          "energy": -76.02677064664707,
          "e_diff": -3.288387233624235e-06,
          "rmsd": 1.9912814752979457e-06,
          "performance": {
            "total_time": 0.01766791
          }
        },
        "10": {
          "energy": -76.02677163367238,
          "e_diff": -9.870253165900067e-07,
          "rmsd": 5.982519644215428e-07,
          "performance": {
            "total_time": 0.018496126
          }
        },
        "11": {
          "energy": -76.02677192982603,
          "e_diff": -2.9615364383062115e-07,
          "rmsd": 1.7959610511013342e-07,
          "performance": {
            "total_time": 0.01857853
          }
        },
        "12": {
          "energy": -76.0267720186763,
          "e_diff": -8.885027114047261e-08,
          "rmsd": 5.388142706449837e-08,
          "performance": {
            "total_time": 0.013591035
          }
        },
        "13": {
          "energy": -76.0267720453318,
          "e_diff": -2.665549914127041e-08,
          "rmsd": 1.6166133323045545e-08,
          "performance": {
            "total_time": 0.013461119
          }
        },
        "14": {
          "energy": -76.02677205332844,
          "e_diff": -7.99664690021018e-09,
          "rmsd": 4.850554941803056e-09,
          "performance": {
            "total_time": 0.013484143
          }
        },
        "15": {
          "energy": -76.02677205572746,
          "e_diff": -2.3990196496015415e-09,
          "rmsd": 1.4551329661051036e-09,
          "performance": {
            "total_time": 0.013630985
          }
        },
        "16": {
          "energy": -76.02677205644716,
          "e_diff": -7.196945261966903e-10,
          "rmsd": 4.36574320490135e-10,
          "performance": {
            "total_time": 0.013311776
          }
        }
      },
      "final_energy": -76.02677205644716,
      "n_iterations": 16
    },
    "CD": {
      "n_cholesky_vectors": 279
    },
    "CCSD": {
      "iter": {
        "1": {
          "residual": 0.4318050649027351,
          "correlation": 0.0,
          "performance": {
            "total_time": 0.023831385
          }
        },
        "2": {
          "residual": 0.050151212266835526,
          "correlation": -0.2040035590645356,
          "performance": {
            "total_time": 0.021038971
          }
        },
        "3": {
          "residual": 0.015139213356376862,
          "correlation": -0.20895408299659632,
          "performance": {
            "total_time": 0.02153317
          }
        },
        "4": {
          "residual": 0.005293593200573249,
          "correlation": -0.21215839391368782,
          "performance": {
            "total_time": 0.02221668
          }
        },
        "5": {
          "residual": 0.002148014049769399,
          "correlation": -0.21287071141869612,
          "performance": {
            "total_time": 0.02138701
          }
        },
        "6": {
          "residual": 0.0005454788327824472,
          "correlation": -0.213323679381555,
          "performance": {
            "total_time": 0.02154732
          }
        },
        "7": {
          "residual": 0.00018046073984531543,
          "correlation": -0.2133157537818414,
          "performance": {
            "total_time": 0.021460473
          }
        },
        "8": {
          "residual": 8.935137052519808e-05,
          "correlation": -0.21332209703795071,
          "performance": {
            "total_time": 0.021416706
          }
        },
        "9": {
          "residual": 4.372194874089135e-05,
          "correlation": -0.21332450790537835,
          "performance": {
            "total_time": 0.021569703
          }
        },
        "10": {
          "residual": 2.3556507392057632e-05,
          "correlation": -0.21332582931334385,
          "performance": {
            "total_time": 0.02144669
          }
        },
        "11": {
          "residual": 3.5720642786942853e-06,
          "correlation": -0.2133271709315916,
          "performance": {
            "total_time": 0.021768388
          }
        },
        "12": {
          "residual": 1.5468489289658359e-06,
          "correlation": -0.21332763423097795,
          "performance": {
            "total_time": 0.021603681
          }
        },
        "13": {
          "residual": 7.531827528240614e-07,
          "correlation": -0.21332747772322724,
          "performance": {
            "total_time": 0.021450997
          }
        },
        "14": {
          "residual": 3.933382143447466e-07,
          "correlation": -0.21332744536788903,
          "performance": {
            "total_time": 0.02138564
          }
        },
        "15": {
          "residual": 2.1379037184734265e-07,
          "correlation": -0.21332743051850742,
          "performance": {
            "total_time": 0.020602012
          }
        },
        "16": {
          "residual": 2.8738897671581292e-08,
          "correlation": -0.21332742423698522,
          "performance": {
            "total_time": 0.020856508
          }
        },
        "17": {
          "residual": 8.780332439698323e-09,
          "correlation": -0.21332742172625113,
          "performance": {
            "total_time": 0.020910061
          }
        },
        "18": {
          "residual": 3.886112849523458e-09,
          "correlation": -0.21332742178728917,
          "performance": {
            "total_time": 0.021221961
          }
        },
        "19": {
          "residual": 1.7386137790460086e-09,
          "correlation": -0.21332742190893786,
          "performance": {
            "total_time": 0.021082167
          }
        },
        "20": {
          "residual": 8.710453097984775e-10,
          "correlation": -0.21332742196934726,
          "performance": {
            "total_time": 0.021365028
          }
        },
        "21": {
          "residual": 1.431878025358499e-10,
          "correlation": -0.21332742203639612,
          "performance": {
            "total_time": 0.020957047
          }
        },
        "22": {
          "residual": 7.847167322394555e-11,