{
  "output": {
    "SCF": {
      "iter": {
        "1": {
          "energy": -76.03823574633091,
          "e_diff": -76.03823574633091,
          "rmsd": 0.00305062044491862,
          "performance": {
            "total_time": 0.085759111
          }
        },
        "2": {
          "energy": -76.05118696501458,
          "e_diff": -0.012951218683667776,
          "rmsd": 0.0008726777431893678,
          "performance": {
            "total_time": 0.129727902
          }
        },
        "3": {
          "energy": -76.05522663333076,
          "e_diff": -0.004039668316181633,
          "rmsd": 0.0003421165880088542,
          "performance": {
            "total_time": 0.129571719
          }
        },
        "4": {
          "energy": -76.05654684026652,
          "e_diff": -0.0013202069357589608,
          "rmsd": 0.00015696876804357232,
          "performance": {
            "total_time": 0.114816383
          }
        },
        "5": {
          "energy": -76.05695058698683,
          "e_diff": -0.00040374672030907277,
          "rmsd": 6.329311406296746e-05,
          "performance": {
            "total_time": 0.10107179
          }
        },
        "6": {
          "energy": -76.05707392893962,
          "e_diff": -0.00012334195278640436,
          "rmsd": 2.2252994251683798e-05,
          "performance": {
            "total_time": 0.091227149
          }
        },
        "7": {
          "energy": -76.05711132231252,
          "e_diff": -3.739337290653566e-05,
          "rmsd": 6.7157930105636445e-06,
          "performance": {
            "total_time": 0.145057837
          }
        },
        "8": {
          "energy": -76.05712258906394,
          "e_diff": -1.1266751414495957e-05,
          "rmsd": 1.986201122528545e-06,
          "performance": {
            "total_time": 0.101797624
          }
        },
        "9": {
          "energy": -76.05712597379443,
          "e_diff": -3.3847304905521014e-06,
          "rmsd": 5.934764312400376e-07,
          "performance": {
            "total_time": 0.112858724
          }
        },
        "10": {
          "energy": -76.05712698964325,
          "e_diff": -1.0158488237266283e-06,
          "rmsd": 1.7857880465011545e-07,
          "performance": {
            "total_time": 0.095287758
          }
        },
        "11": {
          "energy": -76.05712729443695,
          "e_diff": -3.047937013889168e-07,
          "rmsd": 5.382713383416897e-08,
          "performance": {
            "total_time": 0.096378868
          }
        },
        "12": {
          "energy": -76.05712738587849,
          "e_diff": -9.144153523266141e-08,
          "rmsd": 1.6170546567146534e-08,
          "performance": {
            "total_time": 0.149287593
          }
        },
        "13": {
          "energy": -76.05712741331132,
          "e_diff": -2.743283289419196e-08,
          "rmsd": 4.856067159349802e-09,
          "performance": {
            "total_time": 0.083673871
          }
        },
        "14": {
          "energy": -76.05712742154108,
          "e_diff": -8.229761760958354e-09,
          "rmsd": 1.4597608481549916e-09,
          "performance": {
            "total_time": 0.079720001
          }
        },
        "15": {
          "energy": -76.0571274240101,
          "e_diff": -2.4690223199286265e-09,
          "rmsd": 4.383456143569058e-10,
          "performance": {
            "total_time": 0.077875861
          }
        },
        "16": {
          "energy": -76.0571274247508,
          "e_diff": -7.406981694657588e-10,
          "rmsd": 1.320979847856937e-10,
          "performance": {
            "total_time": 0.07512161
          }
        }
      },
      "final_energy": -76.0571274247508,
      "n_iterations": 16
    },
    "CD": {
      "n_cholesky_vectors": 1108
    },
    "CCSD": {
      "iter": {
        "1": {
          "residual": 0.6552648707399746,
          "correlation": 0.0,
          "performance": {
            "total_time": 1.316477675
          }
        },
        "2": {
          "residual": 0.06516753525566676,
          "correlation": -0.2751169800519765,
          "performance": {
            "total_time": 1.168643126
          }
        },
        "3": {
          "residual": 0.01699449679019136,
          "correlation": -0.275261585419843,
          "performance": {
            "total_time": 1.192262925
          }
        },
        "4": {
          "residual": 0.005022824073080563,
          "correlation": -0.2800752150678881,
          "performance": {
            "total_time": 1.187255119
          }
        },
        "5": {
          "residual": 0.0020903344493185174,
          "correlation": -0.28042336574155985,
          "performance": {
            "total_time": 1.209859246
          }
        },
        "6": {
          "residual": 0.0007526570676730355,
          "correlation": -0.2808717494929884,
          "performance": {
            "total_time": 1.197802522
          }
        },
        "7": {
          "residual": 0.000242643594048618,
          "correlation": -0.2808496823128334,
          "performance": {
            "total_time": 1.166603892
          }
        },
        "8": {
          "residual": 0.00011427873869808062,
          "correlation": -0.2808579872471073,
          "performance": {
            "total_time": 1.194933496
          }
        },
        "9": {
          "residual": 4.985528805874439e-05,
          "correlation": -0.2808620037382262,
          "performance": {
            "total_time": 1.20537367
          }
        },
        "10": {
          "residual": 2.6626641573466532e-05,
          "correlation": -0.2808639270565058,
          "performance": {
            "total_time": 1.197502612
          }
        },
        "11": {
          "residual": 5.346223834514969e-06,
          "correlation": -0.2808659683429214,
          "performance": {
            "total_time": 1.198562895
          }
        },
        "12": {
          "residual": 2.6129561229026962e-06,
          "correlation": -0.28086638078071485,
          "performance": {
            "total_time": 1.204198624
          }
        },
        "13": {
          "residual": 1.3540314735376673e-06,
          "correlation": -0.28086617681901477,
          "performance": {
            "total_time": 1.20136976
          }
        },
        "14": {
          "residual": 7.516758920529594e-07,
          "correlation": -0.28086614412977007,
          "performance": {
            "total_time": 1.197554471
          }
        },
        "15": {
          "residual": 4.2458086872089273e-07,
          "correlation": -0.28086612610681067,
          "performance": {
            "total_time": 1.128334723
          }
        },
        "16": {
          "residual": 4.435615936407212e-08,
          "correlation": -0.28086612140972417,
          "performance": {
            "total_time": 1.182809705
          }
        },
        "17": {
          "residual": 1.4534896948784716e-08,
          "correlation": -0.2808661153000661,
          "performance": {
            "total_time": 1.205963321
          }
        },
        "18": {
          "residual": 6.215452903732674e-09,
          "correlation": -0.2808661163848389,
          "performance": {
            "total_time": 1.157472559
          }
        },
        "19": {
          "residual": 2.8007745588879273e-09,
          "correlation": -0.2808661165267478,
          "performance": {
            "total_time": 1.164457184
          }
        },
        "20": {
          "residual": 1.389530126491432e-09,
          "correlation": -0.2808661166801421,
          "performance": {
            "total_time": 1.166989254
          }
        },
        "21": {
          "residual": 3.0405580350979826e-10,
          "correlation": -0.28086611680653084,
          "performance": {
            "total_time": 1.138178826
          }
        },
        "22": {
          "residual": 1.5081157046758088e-10,