{
  "output": {
    "SCF": {
      "iter": {
        "1": {
          "energy": -76.03823574633091,
          "e_diff": -76.03823574633091,
          "rmsd": 0.00305062044491862,
          "performance": {
            "total_time": 0.078059385
          }
        },
        "2": {
          "energy": -76.05118696501458,
          "e_diff": -0.012951218683667776,
          "rmsd": 0.0008726777431893678,
          "performance": {
            "total_time": 0.094632531
          }
        },
        "3": {
          "energy": -76.05522663333076,
          "e_diff": -0.004039668316181633,
          "rmsd": 0.0003421165880088542,
          "performance": {
            "total_time": 0.098438714
          }
        },
        "4": {
          "energy": -76.05654684026652,
          "e_diff": -0.0013202069357589608,
          "rmsd": 0.00015696876804357232,
          "performance": {
            "total_time": 0.097754218
          }
        },
        "5": {
          "energy": -76.05695058698683,
          "e_diff": -0.00040374672030907277,
          "rmsd": 6.329311406296746e-05,
          "performance": {
            "total_time": 0.083226017
          }
        },
        "6": {
          "energy": -76.05707392893962,
          "e_diff": -0.00012334195278640436,
          "rmsd": 2.2252994251683798e-05,
          "performance": {
            "total_time": 0.121640469
          }
        },
        "7": {
          "energy": -76.05711132231252,
          "e_diff": -3.739337290653566e-05,
          "rmsd": 6.7157930105636445e-06,
          "performance": {
            "total_time": 0.084830837
          }
        },
        "8": {
          "energy": -76.05712258906394,
          "e_diff": -1.1266751414495957e-05,
          "rmsd": 1.986201122528545e-06,
          "performance": {
            "total_time": 0.083342314
          }
        },
        "9": {
          "energy": -76.05712597379443,
          "e_diff": -3.3847304905521014e-06,
          "rmsd": 5.934764312400376e-07,
          "performance": {
            "total_time": 0.08672533
          }
        },
        "10": {
          "energy": -76.05712698964325,
          "e_diff": -1.0158488237266283e-06,
          "rmsd": 1.7857880465011545e-07,
          "performance": {
            "total_time": 0.09068743
          }
        },
        "11": {
          "energy": -76.05712729443695,
          "e_diff": -3.047937013889168e-07,
          "rmsd": 5.382713383416897e-08,
          "performance": {
            "total_time": 0.087986243
          }
        },
        "12": {
          "energy": -76.05712738587849,
          "e_diff": -9.144153523266141e-08,
          "rmsd": 1.6170546567146534e-08,
          "performance": {
            "total_time": 0.085109479
          }
        },
        "13": {
          "energy": -76.05712741331132,
          "e_diff": -2.743283289419196e-08,
          "rmsd": 4.856067159349802e-09,
          "performance": {
            "total_time": 0.077901328
          }
        },
        "14": {
          "energy": -76.05712742154108,
          "e_diff": -8.229761760958354e-09,
          "rmsd": 1.4597608481549916e-09,
          "performance": {
            "total_time": 0.078013826
          }
        },
        "15": {
          "energy": -76.0571274240101,
          "e_diff": -2.4690223199286265e-09,
          "rmsd": 4.383456143569058e-10,
          "performance": {
            "total_time": 0.090083355
          }
        },
        "16": {
          "energy": -76.0571274247508,
          "e_diff": -7.406981694657588e-10,
          "rmsd": 1.320979847856937e-10,
          "performance": {
            "total_time": 0.080673888
          }
        }
      },
      "final_energy": -76.0571274247508,
      "n_iterations": 16
    },
    "CD": {
      "n_cholesky_vectors": 1108
    },
    "CCSD": {
      "iter": {
        "1": {
          "residual": 0.6552648707399746,
          "correlation": 0.0,
          "performance": {
            "total_time": 1.006362362
          }
        },
        "2": {
          "residual": 0.06516753525566678,
          "correlation": -0.2751169800519766,
          "performance": {
            "total_time": 0.970727223
          }
        },
        "3": {
          "residual": 0.016994496790191348,
          "correlation": -0.275261585419843,
          "performance": {
            "total_time": 0.953710634
          }
        },
        "4": {
          "residual": 0.005022824073080574,
          "correlation": -0.2800752150678881,
          "performance": {
            "total_time": 0.960895315
          }
        },
        "5": {
          "residual": 0.002090334449318499,
          "correlation": -0.2804233657415601,
          "performance": {
            "total_time": 0.958484283
          }
        },
        "6": {
          "residual": 0.0007508788144406724,
          "correlation": -0.2808828415638009,
          "performance": {
            "total_time": 0.971200969
          }
        },
        "7": {
          "residual": 0.00023653040775070181,
          "correlation": -0.28085059533505785,
          "performance": {
            "total_time": 0.980299678
          }
        },
        "8": {
          "residual": 0.00011049231308889689,
          "correlation": -0.2808591462057341,
          "performance": {
            "total_time": 0.963724075
          }
        },
        "9": {
          "residual": 4.8155309500008124e-05,
          "correlation": -0.280862341122037,
          "performance": {
            "total_time": 0.965848646
          }
        },
        "10": {
          "residual": 2.58552500610825e-05,
          "correlation": -0.28086409098739606,
          "performance": {
            "total_time": 0.963543163
          }
        },
        "11": {
          "residual": 5.304369766204003e-06,
          "correlation": -0.28086583707859264,
          "performance": {
            "total_time": 0.974124966
          }
        },
        "12": {
          "residual": 2.5767887212892796e-06,
          "correlation": -0.2808663625774859,
          "performance": {
            "total_time": 0.965062369
          }
        },
        "13": {
          "residual": 1.3783561180072358e-06,
          "correlation": -0.28086616331339387,
          "performance": {
            "total_time": 0.977397249
          }
        },
        "14": {
          "residual": 7.683469424085826e-07,
          "correlation": -0.2808661396157169,
          "performance": {
            "total_time": 0.97053442
          }
        },
        "15": {
          "residual": 4.39348727830091e-07,
          "correlation": -0.2808661237333954,
          "performance": {
            "total_time": 0.95736889
          }
        },
        "16": {
          "residual": 4.975490877014532e-08,
          "correlation": -0.28086611938828976,
          "performance": {
            "total_time": 0.96285833
          }
        },
        "17": {
          "residual": 1.5899313476214466e-08,
          "correlation": -0.28086611533230016,
          "performance": {
            "total_time": 0.96271953
          }
        },
        "18": {
          "residual": 7.080772194732447e-09,
          "correlation": -0.2808661162737296,
          "performance": {
            "total_time": 1.072937204
          }
        },
        "19": {
          "residual": 3.108791448906853e-09,
          "correlation": -0.2808661165063774,
          "performance": {
            "total_time": 1.072534293
          }
        },
        "20": {
          "residual": 1.5881000859250725e-09,
          "correlation": -0.28086611666234024,
          "performance": {
            "total_time": 1.065841228
          }
        },
        "21": {
          "residual": 3.4157851340734306e-10,
          "correlation": -0.28086611679011175,
          "performance": {
            "total_time": 1.077969465
          }
        },
        "22": {
          "residual": 1.7498416965705316e-10,