{
  "output": {
    "SCF": {
      "iter": {
        "1": {
          "energy": -76.00972282596703,
          "e_diff": -76.00972282596703,
          "rmsd": 0.008462412601085498,
          "performance": {
            "total_time": 0.013380105
          }
        },
        "2": {
          "energy": -76.02127604778076,
          "e_diff": -0.011553221813727532,
          "rmsd": 0.003134557352679737,
          "performance": {
            "total_time": 0.013652262
          }
        },
        "3": {
          "energy": -76.0249787836307,
          "e_diff": -0.0037027358499415186,
          "rmsd": 0.0012359891637543344,
          "performance": {
            "total_time": 0.013801491
          }
        },
        "4": {
          "energy": -76.02621647977341,
          "e_diff": -0.0012376961427094102,
          "rmsd": 0.0006028305729290901,
          "performance": {
            "total_time": 0.014127659
          }
        },
        "5": {
          "energy": -76.026601054851,
          "e_diff": -0.0003845750775894885,
          "rmsd": 0.00022082941517892395,
          "performance": {
            "total_time": 0.015050606
          }
        },
        "6": {
          "energy": -76.0267201393163,
          "e_diff": -0.00011908446529673711,
          "rmsd": 7.198111902931023e-05,
          "performance": {
            "total_time": 0.01717942
          }
        },
        "7": {
          "energy": -76.02675641582286,
          "e_diff": -3.627650656312653e-05,
          "rmsd": 2.2077915298579458e-05,
          "performance": {
            "total_time": 0.017299272
          }
        },
        "8": {
          "energy": -76.02676735825983,
          "e_diff": -1.0942436972527503e-05,
          "rmsd": 6.6054131024239635e-06,
          "performance": {
            "total_time": 0.016932157
          }
        },
        "9": {
          "energy": -76.02677064664707,
          "e_diff": -3.288387233624235e-06,
          "rmsd": 1.9912814752979457e-06,
          "performance": {
            "total_time": 0.017567692
          }
        },
        "10": {
          "energy": -76.02677163367238,
          "e_diff": -9.870253165900067e-07,
          "rmsd": 5.982519644215428e-07,
          "performance": {
            "total_time": 0.01869251
          }
        },
        "11": {
          "energy": -76.02677192982603,
          "e_diff": -2.9615364383062115e-07,
          "rmsd": 1.7959610511013342e-07,
          "performance": {
            "total_time": 0.019470508
          }
        },
        "12": {
          "energy": -76.0267720186763,
          "e_diff": -8.885027114047261e-08,
          "rmsd": 5.388142706449837e-08,
          "performance": {
            "total_time": 0.014087205
          }
        },
        "13": {
          "energy": -76.0267720453318,
          "e_diff": -2.665549914127041e-08,
          "rmsd": 1.6166133323045545e-08,
          "performance": {
            "total_time": 0.013481776
          }
        },
        "14": {
          "energy": -76.02677205332844,
          "e_diff": -7.99664690021018e-09,
          "rmsd": 4.850554941803056e-09,
          "performance": {
            "total_time": 0.01363767
          }
        },
        "15": {
          "energy": -76.02677205572746,
          "e_diff": -2.3990196496015415e-09,
          "rmsd": 1.4551329661051036e-09,
          "performance": {
            "total_time": 0.013626341
          }
        },
        "16": {
          "energy": -76.02677205644716,
          "e_diff": -7.196945261966903e-10,
          "rmsd": 4.36574320490135e-10,
          "performance": {
            "total_time": 0.013607066
          }
        }
      },
      "final_energy": -76.02677205644716,
      "n_iterations": 16
    },
    "CD": {
      "n_cholesky_vectors": 279
    },
    "CCSD": {
      "iter": {
        "1": {
          "residual": 0.4318050649027351,
          "correlation": 0.0,
          "performance": {
            "total_time": 0.023270237
          }
        },
        "2": {
          "residual": 0.05015121226683552,
          "correlation": -0.20400355906453557,
          "performance": {
            "total_time": 0.023055373
          }
        },
        "3": {
          "residual": 0.015139213356376876,
          "correlation": -0.20895408299659637,
          "performance": {
            "total_time": 0.023029062
          }
        },
        "4": {
          "residual": 0.005293593200573249,
          "correlation": -0.2121583939136879,
          "performance": {
            "total_time": 0.02112767
          }
        },
        "5": {
          "residual": 0.0021480140497693993,
          "correlation": -0.21287071141869607,
          "performance": {
            "total_time": 0.021180346
          }
        },
        "6": {
          "residual": 0.0005456821138647342,
          "correlation": -0.21332261930805313,
          "performance": {
            "total_time": 0.021209627
          }
        },
        "7": {
          "residual": 0.00018008291648247802,
          "correlation": -0.21331593494630818,
          "performance": {
            "total_time": 0.02151942
          }
        },
        "8": {
          "residual": 8.913423535870437e-05,
          "correlation": -0.21332217371047,
          "performance": {
            "total_time": 0.021638617
          }
        },
        "9": {
          "residual": 4.3627377471609546e-05,
          "correlation": -0.21332453919098382,
          "performance": {
            "total_time": 0.021284958
          }
        },
        "10": {
          "residual": 2.3511700026524688e-05,
          "correlation": -0.2133258425785628,
          "performance": {
            "total_time": 0.021551066
          }
        },
        "11": {
          "residual": 3.5638113755314017e-06,
          "correlation": -0.2133271726033661,
          "performance": {
            "total_time": 0.022899327
          }
        },
        "12": {
          "residual": 1.5476295421092654e-06,
          "correlation": -0.21332763041395988,
          "performance": {
            "total_time": 0.021620702
          }
        },
        "13": {
          "residual": 7.58402014831557e-07,
          "correlation": -0.21332747643596592,
          "performance": {
            "total_time": 0.021494637
          }
        },
        "14": {
          "residual": 3.976485277636987e-07,
          "correlation": -0.21332744477622767,
          "performance": {
            "total_time": 0.021802004
          }
        },
        "15": {
          "residual": 2.1694138883346545e-07,
          "correlation": -0.2133274302388563,
          "performance": {
            "total_time": 0.021347807
          }
        },
        "16": {
          "residual": 2.8896386467877148e-08,
          "correlation": -0.21332742422972767,
          "performance": {
            "total_time": 0.021471656
          }
        },
        "17": {
          "residual": 8.822761908206582e-09,
          "correlation": -0.21332742173006358,
          "performance": {
            "total_time": 0.021431635
          }
        },
        "18": {
          "residual": 3.901257761117818e-09,
          "correlation": -0.21332742179046327,
          "performance": {
            "total_time": 0.021425185
          }
        },
        "19": {
          "residual": 1.747995303592049e-09,
          "correlation": -0.2133274219093928,
          "performance": {
            "total_time": 0.021070127
          }
        },
        "20": {
          "residual": 8.776076648801557e-10,
          "correlation": -0.213327421969412,
          "performance": {
            "total_time": 0.020873264
          }
        },
        "21": {
          "residual": 1.4515126985396298e-10,
          "correlation": -0.21332742203560234,
          "performance": {
            "total_time": 0.021330266
          }
        },
        "22": {
          "residual": 7.929056060348587e-11,