{
  "output": {
    "SCF": {
      "iter": {
        "1": {
          "energy": -76.03823574633091,
          "e_diff": -76.03823574633091,
          "rmsd": 0.00305062044491862,
          "performance": {
            "total_time": 0.078556082
          }
        },
        "2": {
          "energy": -76.05118696501458,
          "e_diff": -0.012951218683667776,
          "rmsd": 0.0008726777431893678,
          "performance": {
            "total_time": 0.104718098
          }
        },
        "3": {
          "energy": -76.05522663333076,
          "e_diff": -0.004039668316181633,
          "rmsd": 0.0003421165880088542,
          "performance": {
            "total_time": 0.092306027
          }
        },
        "4": {
          "energy": -76.05654684026652,
          "e_diff": -0.0013202069357589608,
          "rmsd": 0.00015696876804357232,
          "performance": {
            "total_time": 0.080536609
          }
        },
        "5": {
          "energy": -76.05695058698683,
          "e_diff": -0.00040374672030907277,
          "rmsd": 6.329311406296746e-05,
          "performance": {
            "total_time": 0.082734582
          }
        },
        "6": {
          "energy": -76.05707392893962,
          "e_diff": -0.00012334195278640436,
          "rmsd": 2.2252994251683798e-05,
          "performance": {
            "total_time": 0.087266492
          }
        },
        "7": {
          "energy": -76.05711132231252,
          "e_diff": -3.739337290653566e-05,
          "rmsd": 6.7157930105636445e-06,
          "performance": {
            "total_time": 0.083021855
          }
        },
        "8": {
          "energy": -76.05712258906394,
          "e_diff": -1.1266751414495957e-05,
          "rmsd": 1.986201122528545e-06,
          "performance": {
            "total_time": 0.083436221
          }
        },
        "9": {
          "energy": -76.05712597379443,
          "e_diff": -3.3847304905521014e-06,
          "rmsd": 5.934764312400376e-07,
          "performance": {
            "total_time": 0.085252294
          }
        },
        "10": {
          "energy": -76.05712698964325,
          "e_diff": -1.0158488237266283e-06,
          "rmsd": 1.7857880465011545e-07,
          "performance": {
            "total_time": 0.086030429
          }
        },
        "11": {
          "energy": -76.05712729443695,
          "e_diff": -3.047937013889168e-07,
          "rmsd": 5.382713383416897e-08,
          "performance": {
            "total_time": 0.086402682
          }
        },
        "12": {
          "energy": -76.05712738587849,
          "e_diff": -9.144153523266141e-08,
          "rmsd": 1.6170546567146534e-08,
          "performance": {
            "total_time": 0.088810869
          }
        },
        "13": {
          "energy": -76.05712741331132,
          "e_diff": -2.743283289419196e-08,
          "rmsd": 4.856067159349802e-09,
          "performance": {
            "total_time": 0.075928488
          }
        },
        "14": {
          "energy": -76.05712742154108,
          "e_diff": -8.229761760958354e-09,
          "rmsd": 1.4597608481549916e-09,
          "performance": {
            "total_time": 0.076671779
          }
        },
        "15": {
          "energy": -76.0571274240101,
          "e_diff": -2.4690223199286265e-09,
          "rmsd": 4.383456143569058e-10,
          "performance": {
            "total_time": 0.077441185
          }
        },
        "16": {
          "energy": -76.0571274247508,
          "e_diff": -7.406981694657588e-10,
          "rmsd": 1.320979847856937e-10,
          "performance": {
            "total_time": 0.077157223
          }
        }
      },
      "final_energy": -76.0571274247508,
      "n_iterations": 16
    },
    "CD": {
      "n_cholesky_vectors": 1108
    },
    "CCSD": {
      "iter": {
        "1": {
          "residual": 0.6552648707399745,
          "correlation": 0.0,
          "performance": {
            "total_time": 1.006949043
          }
        },
        "2": {
          "residual": 0.06516753525566676,
          "correlation": -0.2751169800519766,
          "performance": {
            "total_time": 0.826467145
          }
        },
        "3": {
          "residual": 0.016994496790191358,
          "correlation": -0.2752615854198431,
          "performance": {
            "total_time": 0.822510537
          }
        },
        "4": {
          "residual": 0.0050228240730805646,
          "correlation": -0.28007521506788824,
          "performance": {
            "total_time": 0.820722298
          }
        },
        "5": {
          "residual": 0.0020903344493185135,
          "correlation": -0.28042336574155985,
          "performance": {
            "total_time": 0.825519712
          }
        },
        "6": {
          "residual": 0.0007537277571138469,
          "correlation": -0.2808859506986016,
          "performance": {
            "total_time": 0.812309257
          }
        },
        "7": {
          "residual": 0.00023754926488636015,
          "correlation": -0.28085197197025225,
          "performance": {
            "total_time": 0.817118056
          }
        },
        "8": {
          "residual": 0.00011112142160565804,
          "correlation": -0.28085906003249644,
          "performance": {
            "total_time": 0.816285382
          }
        },
        "9": {
          "residual": 4.831512227511198e-05,
          "correlation": -0.2808623651166501,
          "performance": {
            "total_time": 0.821583444
          }
        },
        "10": {
          "residual": 2.5946966713903672e-05,
          "correlation": -0.2808640805563005,
          "performance": {
            "total_time": 0.828493972
          }
        },
        "11": {
          "residual": 5.280508712893753e-06,
          "correlation": -0.2808659428789982,
          "performance": {
            "total_time": 0.826684316
          }
        },
        "12": {
          "residual": 2.5816637902755275e-06,
          "correlation": -0.280866376135733,
          "performance": {
            "total_time": 0.832996136
          }
        },
        "13": {
          "residual": 1.3343056524977134e-06,
          "correlation": -0.28086617263818403,
          "performance": {
            "total_time": 0.830792922
          }
        },
        "14": {
          "residual": 7.440173375331736e-07,
          "correlation": -0.2808661426007433,
          "performance": {
            "total_time": 0.831561116
          }
        },
        "15": {
          "residual": 4.2028516838110205e-07,
          "correlation": -0.28086612544535483,
          "performance": {
            "total_time": 0.821587286
          }
        },
        "16": {
          "residual": 4.239922971847402e-08,
          "correlation": -0.28086612241455633,
          "performance": {
            "total_time": 0.820079927
          }
        },
        "17": {
          "residual": 1.3331336001983546e-08,
          "correlation": -0.2808661154389399,
          "performance": {
            "total_time": 0.818426247
          }
        },
        "18": {
          "residual": 5.560929310523928e-09,
          "correlation": -0.2808661164795051,
          "performance": {
            "total_time": 0.821076343
          }
        },
        "19": {
          "residual": 2.550019051874757e-09,
          "correlation": -0.2808661165578005,
          "performance": {
            "total_time": 0.829400929
          }
        },
        "20": {
          "residual": 1.272343401581849e-09,
          "correlation": -0.2808661166972082,
          "performance": {
            "total_time": 0.824533001
          }
        },
        "21": {
          "residual": 2.947669953821469e-10,
          "correlation": -0.28086611681156837,
          "performance": {
            "total_time": 0.831466513
          }
        },