{
  "output": {
    "SCF": {
      "iter": {
        "1": {
          "energy": -76.00972282596703,
          "e_diff": -76.00972282596703,
          "rmsd": 0.008462412601085498,
          "performance": {
            "total_time": 0.013931515
          }
        },
        "2": {
          "energy": -76.02127604778076,
          "e_diff": -0.011553221813727532,
          "rmsd": 0.003134557352679737,
          "performance": {
            "total_time": 0.01391514
          }
        },
        "3": {
          "energy": -76.0249787836307,
          "e_diff": -0.0037027358499415186,
          "rmsd": 0.0012359891637543344,
          "performance": {
            "total_time": 0.013815973
          }
        },
        "4": {
          "energy": -76.02621647977341,
          "e_diff": -0.0012376961427094102,
          "rmsd": 0.0006028305729290901,
          "performance": {
            "total_time": 0.01713243
          }
        },
        "5": {
          "energy": -76.026601054851,
          "e_diff": -0.0003845750775894885,
          "rmsd": 0.00022082941517892395,
          "performance": {
            "total_time": 0.022412429
          }
        },
        "6": {
          "energy": -76.0267201393163,
          "e_diff": -0.00011908446529673711,
          "rmsd": 7.198111902931023e-05,
          "performance": {
            "total_time": 0.022981993
          }
        },
        "7": {
          "energy": -76.02675641582286,
          "e_diff": -3.627650656312653e-05,
          "rmsd": 2.2077915298579458e-05,
          "performance": {
            "total_time": 0.020049172
          }
        },
        "8": {
          "energy": -76.02676735825983,
          "e_diff": -1.0942436972527503e-05,
          "rmsd": 6.6054131024239635e-06,
          "performance": {
            "total_time": 0.018086056
          }
        },
        "9": {
          "energy": -76.02677064664707,
          "e_diff": -3.288387233624235e-06,
          "rmsd": 1.9912814752979457e-06,
          "performance": {
            "total_time": 0.017888818
          }
        },
        "10": {
          "energy": -76.02677163367238,
          "e_diff": -9.870253165900067e-07,
          "rmsd": 5.982519644215428e-07,
          "performance": {
            "total_time": 0.018522243
          }
        },
        "11": {
          "energy": -76.02677192982603,
          "e_diff": -2.9615364383062115e-07,
          "rmsd": 1.7959610511013342e-07,
          "performance": {
            "total_time": 0.021810332
          }
        },
        "12": {
          "energy": -76.0267720186763,
          "e_diff": -8.885027114047261e-08,
          "rmsd": 5.388142706449837e-08,
          "performance": {
            "total_time": 0.017710437
          }
        },
        "13": {
          "energy": -76.0267720453318,
          "e_diff": -2.665549914127041e-08,
          "rmsd": 1.6166133323045545e-08,
          "performance": {
            "total_time": 0.016702487
          }
        },
        "14": {
          "energy": -76.02677205332844,
          "e_diff": -7.99664690021018e-09,
          "rmsd": 4.850554941803056e-09,
          "performance": {
            "total_time": 0.016794853
          }
        },
        "15": {
          "energy": -76.02677205572746,
          "e_diff": -2.3990196496015415e-09,
          "rmsd": 1.4551329661051036e-09,
          "performance": {
            "total_time": 0.014896445
          }
        },
        "16": {
          "energy": -76.02677205644716,
          "e_diff": -7.196945261966903e-10,
          "rmsd": 4.36574320490135e-10,
          "performance": {
            "total_time": 0.018213591
          }
        }
      },
      "final_energy": -76.02677205644716,
      "n_iterations": 16
    },
    "CD": {
      "n_cholesky_vectors": 279
    },
    "CCSD": {
      "iter": {
        "1": {
          "residual": 0.4318050649027351,
          "correlation": 0.0,
          "performance": {
            "total_time": 0.023245051
          }
        },
        "2": {
          "residual": 0.050151212266835526,
          "correlation": -0.2040035590645356,
          "performance": {
            "total_time": 0.021637986
          }
        },
        "3": {
          "residual": 0.015139213356376873,
          "correlation": -0.20895408299659635,
          "performance": {
            "total_time": 0.02320625
          }
        },
        "4": {
          "residual": 0.005293593200573238,
          "correlation": -0.21215839391368793,
          "performance": {
            "total_time": 0.023145778
          }
        },
        "5": {
          "residual": 0.0021480140497693975,
          "correlation": -0.21287071141869607,
          "performance": {
            "total_time": 0.021484057
          }
        },
        "6": {
          "residual": 0.0005455919561582552,
          "correlation": -0.21332454056136196,
          "performance": {
            "total_time": 0.024039033
          }
        },
        "7": {
          "residual": 0.00018025597116287913,
          "correlation": -0.21331514443168495,
          "performance": {
            "total_time": 0.021912454
          }
        },
        "8": {
          "residual": 8.999671890147815e-05,
          "correlation": -0.2133216196726845,
          "performance": {
            "total_time": 0.021021983
          }
        },
        "9": {
          "residual": 4.38134616491487e-05,
          "correlation": -0.21332437631294068,
          "performance": {
            "total_time": 0.020928743
          }
        },
        "10": {
          "residual": 2.3630848935423585e-05,
          "correlation": -0.21332577061981722,
          "performance": {
            "total_time": 0.022434731
          }
        },
        "11": {
          "residual": 3.5571875587907734e-06,
          "correlation": -0.2133271609873349,
          "performance": {
            "total_time": 0.037195196
          }
        },
        "12": {
          "residual": 1.5640497992077606e-06,
          "correlation": -0.21332762784141668,
          "performance": {
            "total_time": 0.038264374
          }
        },
        "13": {
          "residual": 7.83232257311713e-07,
          "correlation": -0.21332747515495665,
          "performance": {
            "total_time": 0.040151569
          }
        },
        "14": {
          "residual": 4.1236108834762687e-07,
          "correlation": -0.2133274443737963,
          "performance": {
            "total_time": 0.038285825
          }
        },
        "15": {
          "residual": 2.267419685518221e-07,
          "correlation": -0.2133274299937838,
          "performance": {
            "total_time": 0.035658493
          }
        },
        "16": {
          "residual": 3.076943916829711e-08,
          "correlation": -0.21332742379380454,
          "performance": {
            "total_time": 0.036263266
          }
        },
        "17": {
          "residual": 1.0291680443683538e-08,
          "correlation": -0.2133274213891183,
          "performance": {
            "total_time": 0.03586786
          }
        },
        "18": {
          "residual": 4.906733798515603e-09,
          "correlation": -0.21332742167688,
          "performance": {
            "total_time": 0.034251415
          }
        },
        "19": {
          "residual": 2.307584951172739e-09,
          "correlation": -0.21332742185626663,
          "performance": {
            "total_time": 0.032442223
          }
        },
        "20": {
          "residual": 1.2004932664091343e-09,
          "correlation": -0.21332742194510126,
          "performance": {
            "total_time": 0.021981162
          }
        },
        "21": {
          "residual": 1.9743958535539004e-10,
          "correlation": -0.21332742202764368,
          "performance": {
            "total_time": 0.024272186
          }
        },
        "22": {
          "residual": 9.879014676389969e-11,