{
  "output": {
    "SCF": {
      "iter": {
        "1": {
          "energy": -76.00972282596703,
          "e_diff": -76.00972282596703,
          "rmsd": 0.008462412601085498,
          "performance": {
            "total_time": 0.013441282
          }
        },
        "2": {
          "energy": -76.02127604778076,
          "e_diff": -0.011553221813727532,
          "rmsd": 0.003134557352679737,
          "performance": {
            "total_time": 0.013786601
          }
        },
        "3": {
          "energy": -76.0249787836307,
          "e_diff": -0.0037027358499415186,
          "rmsd": 0.0012359891637543344,
          "performance": {
            "total_time": 0.014000483
          }
        },
        "4": {
          "energy": -76.02621647977341,
          "e_diff": -0.0012376961427094102,
          "rmsd": 0.0006028305729290901,
          "performance": {
            "total_time": 0.013800476
          }
        },
        "5": {
          "energy": -76.026601054851,
          "e_diff": -0.0003845750775894885,
          "rmsd": 0.00022082941517892395,
          "performance": {
            "total_time": 0.014315383
          }
        },
        "6": {
          "energy": -76.0267201393163,
          "e_diff": -0.00011908446529673711,
          "rmsd": 7.198111902931023e-05,
          "performance": {
            "total_time": 0.015463154
          }
        },
        "7": {
          "energy": -76.02675641582286,
          "e_diff": -3.627650656312653e-05,
          "rmsd": 2.2077915298579458e-05,
          "performance": {
            "total_time": 0.015822783
          }
        },
        "8": {
          "energy": -76.02676735825983,
          "e_diff": -1.0942436972527503e-05,
          "rmsd": 6.6054131024239635e-06,
          "performance": {
            "total_time": 0.016444033
          }
        },
        "9": {
          "energy": -76.02677064664707,
          "e_diff": -3.288387233624235e-06,
          "rmsd": 1.9912814752979457e-06,
          "performance": {
            "total_time": 0.017217982
          }
        },
        "10": {
          "energy": -76.02677163367238,
          "e_diff": -9.870253165900067e-07,
          "rmsd": 5.982519644215428e-07,
          "performance": {
            "total_time": 0.018201149
          }
        },
        "11": {
          "energy": -76.02677192982603,
          "e_diff": -2.9615364383062115e-07,
          "rmsd": 1.7959610511013342e-07,
          "performance": {
            "total_time": 0.01957666
          }
        },
        "12": {
          "energy": -76.0267720186763,
          "e_diff": -8.885027114047261e-08,
          "rmsd": 5.388142706449837e-08,
          "performance": {
            "total_time": 0.015243729
          }
        },
        "13": {
          "energy": -76.0267720453318,
          "e_diff": -2.665549914127041e-08,
          "rmsd": 1.6166133323045545e-08,
          "performance": {
            "total_time": 0.013295433
          }
        },
        "14": {
          "energy": -76.02677205332844,
          "e_diff": -7.99664690021018e-09,
          "rmsd": 4.850554941803056e-09,
          "performance": {
            "total_time": 0.013088044
          }
        },
        "15": {
          "energy": -76.02677205572746,
          "e_diff": -2.3990196496015415e-09,
          "rmsd": 1.4551329661051036e-09,
          "performance": {
            "total_time": 0.013434557
          }
        },
        "16": {
          "energy": -76.02677205644716,
          "e_diff": -7.196945261966903e-10,
          "rmsd": 4.36574320490135e-10,
          "performance": {
            "total_time": 0.013073631
          }
        }
      },
      "final_energy": -76.02677205644716,
      "n_iterations": 16
    },
    "CD": {
      "n_cholesky_vectors": 279
    },
    "CCSD": {
      "iter": {
        "1": {
          "residual": 0.4318050649027351,
          "correlation": 0.0,
          "performance": {
            "total_time": 0.023679279
          }
        },
        "2": {
          "residual": 0.05015121226683552,
          "correlation": -0.20400355906453554,
          "performance": {
            "total_time": 0.021089654
          }
        },
        "3": {
          "residual": 0.015139213356376868,
          "correlation": -0.2089540829965963,
          "performance": {
            "total_time": 0.021251846
          }
        },
        "4": {
          "residual": 0.005293593200573241,
          "correlation": -0.21215839391368788,
          "performance": {
            "total_time": 0.020964898
          }
        },
        "5": {
          "residual": 0.0021480140497693993,
          "correlation": -0.21287071141869615,
          "performance": {
            "total_time": 0.021014089
          }
        },
        "6": {
          "residual": 0.0005457051112662732,
          "correlation": -0.2133336280399022,
          "performance": {
            "total_time": 0.021162015
          }
        },
        "7": {
          "residual": 0.00017631717320844813,
          "correlation": -0.21331705394769174,
          "performance": {
            "total_time": 0.021188385
          }
        },
        "8": {
          "residual": 8.751329125300198e-05,
          "correlation": -0.21332263639430327,
          "performance": {
            "total_time": 0.020756314
          }
        },
        "9": {
          "residual": 4.2727668686744674e-05,
          "correlation": -0.21332474232224918,
          "performance": {
            "total_time": 0.021008999
          }
        },
        "10": {
          "residual": 2.3113252286234283e-05,
          "correlation": -0.21332592589471644,
          "performance": {
            "total_time": 0.020584824
          }
        },
        "11": {
          "residual": 3.5300259286435796e-06,
          "correlation": -0.21332711903477072,
          "performance": {
            "total_time": 0.020704235
          }
        },
        "12": {
          "residual": 1.5206472134370143e-06,
          "correlation": -0.21332762703965719,
          "performance": {
            "total_time": 0.020801684
          }
        },
        "13": {
          "residual": 7.463134825324119e-07,
          "correlation": -0.21332747422260778,
          "performance": {
            "total_time": 0.021178699
          }
        },
        "14": {
          "residual": 3.9043170543855044e-07,
          "correlation": -0.2133274441420462,
          "performance": {
            "total_time": 0.021479296
          }
        },
        "15": {
          "residual": 2.1295240631838815e-07,
          "correlation": -0.2133274300106115,
          "performance": {
            "total_time": 0.020990821
          }
        },
        "16": {
          "residual": 2.9843349004962945e-08,
          "correlation": -0.21332742437248914,
          "performance": {
            "total_time": 0.02096407
          }
        },
        "17": {
          "residual": 9.044527226362394e-09,
          "correlation": -0.21332742170326563,
          "performance": {
            "total_time": 0.02076575
          }
        },
        "18": {
          "residual": 4.05834566473562e-09,
          "correlation": -0.21332742178808392,
          "performance": {
            "total_time": 0.020611288
          }
        },
        "19": {
          "residual": 1.8390331510817903e-09,
          "correlation": -0.21332742190624032,
          "performance": {
            "total_time": 0.02245055
          }
        },
        "20": {
          "residual": 9.399683493219324e-10,
          "correlation": -0.21332742196740515,
          "performance": {
            "total_time": 0.023320313
          }
        },
        "21": {
          "residual": 1.6051694174907743e-10,
          "correlation": -0.21332742203105026,
          "performance": {
            "total_time": 0.020525133
          }
        },