{
  "output": {
    "SCF": {
      "iter": {
        "1": {
          "energy": -76.04567100870821,
          "e_diff": -76.04567100870821,
          "rmsd": 0.0014377560750720127,
          "performance": {
            "total_time": 0.956030043
          }
        },
        "2": {
          "energy": -76.05876568988893,
          "e_diff": -0.013094681180717771,
          "rmsd": 0.0004663675989762367,
          "performance": {
            "total_time": 0.864940273
          }
        },
        "3": {
          "energy": -76.06286517459174,
          "e_diff": -0.004099484702805967,
          "rmsd": 0.0001789807124598389,
          "performance": {
            "total_time": 0.858972867
          }
        },
        "4": {
          "energy": -76.06420473093883,
          "e_diff": -0.00133955634709082,
          "rmsd": 7.691008822286786e-05,
          "performance": {
            "total_time": 0.864615347
          }
        },
        "5": {
          "energy": -76.06461332479412,
          "e_diff": -0.00040859385529756764,
          "rmsd": 2.948271328453241e-05,
          "performance": {
            "total_time": 0.866928043
          }
        },
        "6": {
          "energy": -76.06473780524405,
          "e_diff": -0.00012448044992652285,
          "rmsd": 1.038099251739065e-05,
          "performance": {
            "total_time": 0.871547479
          }
        },
        "7": {
          "energy": -76.06477548066039,
          "e_diff": -3.767541633692417e-05,
          "rmsd": 3.1480857610403763e-06,
          "performance": {
            "total_time": 0.86763376
          }
        },
        "8": {
          "energy": -76.06478682483615,
          "e_diff": -1.1344175760541475e-05,
          "rmsd": 9.03135431408967e-07,
          "performance": {
            "total_time": 0.876466447
          }
        },
        "9": {
          "energy": -76.06479023217602,
          "e_diff": -3.4073398751388595e-06,
          "rmsd": 2.6865771151498156e-07,
          "performance": {
            "total_time": 0.875148989
          }
        },
        "10": {
          "energy": -76.06479125475045,
          "e_diff": -1.0225744233594014e-06,
          "rmsd": 8.07108153414599e-08,
          "performance": {
            "total_time": 0.882803762
          }
        },
        "11": {
          "energy": -76.06479156155675,
          "e_diff": -3.068062994771026e-07,
          "rmsd": 2.430535619512268e-08,
          "performance": {
            "total_time": 0.882668196
          }
        },
        "12": {
          "energy": -76.0647916536017,
          "e_diff": -9.204495654557832e-08,
          "rmsd": 7.314064213542548e-09,
          "performance": {
            "total_time": 0.885319663
          }
        },
        "13": {
          "energy": -76.06479168121552,
          "e_diff": -2.7613822339844774e-08,
          "rmsd": 2.197649857616033e-09,
          "performance": {
            "total_time": 0.876453716
          }
        },
        "14": {
          "energy": -76.06479168949963,
          "e_diff": -8.284104069389286e-09,
          "rmsd": 6.607221545619293e-10,
          "performance": {
            "total_time": 0.883554622
          }
        },
        "15": {
          "energy": -76.06479169198477,
          "e_diff": -2.4851374291756656e-09,
          "rmsd": 1.9848718579397805e-10,
          "performance": {
            "total_time": 0.868312151
          }
        },
        "16": {
          "energy": -76.06479169273035,
          "e_diff": -7.455867034877883e-10,
          "rmsd": 5.985487613623785e-11,
          "performance": {
            "total_time": 0.868765583
          }
        }
      },
      "final_energy": -76.06479169273035,
      "n_iterations": 16
    },
    "CD": {
      "n_cholesky_vectors": 2181
    },
    "CCSD": {
      "iter": {
        "1": {
          "residual": 0.9360161011467958,
          "correlation": 0.0,
          "performance": {
            "total_time": 26.684034437
          }
        },
        "2": {
          "residual": 0.07999326443149823,
          "correlation": -0.31332811556430185,
          "performance": {
            "total_time": 25.884577392
          }
        },
        "3": {
          "residual": 0.01905292534751915,
          "correlation": -0.3109045920214684,
          "performance": {
            "total_time": 25.905714878
          }
        },
        "4": {
          "residual": 0.0052092300807562355,
          "correlation": -0.31642737284497785,
          "performance": {
            "total_time": 25.896875078
          }
        },
        "5": {
          "residual": 0.0021743072772710727,
          "correlation": -0.3165661411940473,
          "performance": {
            "total_time": 25.972168707
          }
        },
        "6": {
          "residual": 0.0009970177577992797,
          "correlation": -0.31706039723036983,
          "performance": {
            "total_time": 25.944427991
          }
        },
        "7": {
          "residual": 0.0003147736195065746,
          "correlation": -0.3170197488382418,
          "performance": {
            "total_time": 25.956837922
          }
        },
        "8": {
          "residual": 0.00014166706993922428,
          "correlation": -0.31702741975417453,
          "performance": {
            "total_time": 25.913895493
          }
        },
        "9": {
          "residual": 5.698451037992592e-05,
          "correlation": -0.3170335420140418,
          "performance": {
            "total_time": 25.926784344
          }
        },
        "10": {
          "residual": 2.87318461114762e-05,
          "correlation": -0.31703595244626,
          "performance": {
            "total_time": 25.89794381
          }
        },
        "11": {
          "residual": 5.172279621338496e-06,
          "correlation": -0.3170387006344768,
          "performance": {
            "total_time": 25.978209271
          }
        },
        "12": {
          "residual": 2.6348554659347048e-06,
          "correlation": -0.31703897520131075,
          "performance": {
            "total_time": 25.9475245
          }
        },
        "13": {
          "residual": 1.4463119736919003e-06,
          "correlation": -0.3170388450417309,
          "performance": {
            "total_time": 25.970913893
          }
        },
        "14": {
          "residual": 8.29672026431951e-07,
          "correlation": -0.31703883061436733,
          "performance": {
            "total_time": 25.917640898
          }
        },
        "15": {
          "residual": 4.764329132552141e-07,
          "correlation": -0.3170388201932926,
          "performance": {
            "total_time": 25.982978008
          }
        },
        "16": {
          "residual": 3.653127195115046e-08,
          "correlation": -0.3170388181323945,
          "performance": {
            "total_time": 26.028183311
          }
        },
        "17": {
          "residual": 1.2332823679393892e-08,
          "correlation": -0.31703881354161856,
          "performance": {
            "total_time": 26.020847971
          }
        },
        "18": {
          "residual": 4.744563171802248e-09,
          "correlation": -0.3170388148721224,
          "performance": {
            "total_time": 26.349944347
          }
        },
        "19": {
          "residual": 2.280182657315491e-09,
          "correlation": -0.3170388149904272,
          "performance": {
            "total_time": 26.116059427
          }
        },
        "20": {
          "residual": 1.0493269357659232e-09,
          "correlation": -0.3170388151565592,
          "performance": {
            "total_time": 25.986877787
          }
        },
        "21": {
          "residual": 2.4754605812606514e-10,
          "correlation": -0.3170388152684047,
          "performance": {
            "total_time": 25.933854202
          }
        },