{
  "output": {
    "SCF": {
      "iter": {
        "1": {
          "energy": -76.03823574633091,
          "e_diff": -76.03823574633091,
          "rmsd": 0.00305062044491862,
          "performance": {
            "total_time": 0.081066988
          }
        },
        "2": {
          "energy": -76.05118696501458,
          "e_diff": -0.012951218683667776,
          "rmsd": 0.0008726777431893678,
          "performance": {
            "total_time": 0.094283898
          }
        },
        "3": {
          "energy": -76.05522663333076,
          "e_diff": -0.004039668316181633,
          "rmsd": 0.0003421165880088542,
          "performance": {
            "total_time": 0.090966122
          }
        },
        "4": {
          "energy": -76.05654684026652,
          "e_diff": -0.0013202069357589608,
          "rmsd": 0.00015696876804357232,
          "performance": {
            "total_time": 0.082803958
          }
        },
        "5": {
          "energy": -76.05695058698683,
          "e_diff": -0.00040374672030907277,
          "rmsd": 6.329311406296746e-05,
          "performance": {
            "total_time": 0.082889613
          }
        },
        "6": {
          "energy": -76.05707392893962,
          "e_diff": -0.00012334195278640436,
          "rmsd": 2.2252994251683798e-05,
          "performance": {
            "total_time": 0.089121152
          }
        },
        "7": {
          "energy": -76.05711132231252,
          "e_diff": -3.739337290653566e-05,
          "rmsd": 6.7157930105636445e-06,
          "performance": {
            "total_time": 0.089970619
          }
        },
        "8": {
          "energy": -76.05712258906394,
          "e_diff": -1.1266751414495957e-05,
          "rmsd": 1.986201122528545e-06,
          "performance": {
            "total_time": 0.087810122
          }
        },
        "9": {
          "energy": -76.05712597379443,
          "e_diff": -3.3847304905521014e-06,
          "rmsd": 5.934764312400376e-07,
          "performance": {
            "total_time": 0.087520405
          }
        },
        "10": {
          "energy": -76.05712698964325,
          "e_diff": -1.0158488237266283e-06,
          "rmsd": 1.7857880465011545e-07,
          "performance": {
            "total_time": 0.08797862
          }
        },
        "11": {
          "energy": -76.05712729443695,
          "e_diff": -3.047937013889168e-07,
          "rmsd": 5.382713383416897e-08,
          "performance": {
            "total_time": 0.089061544
          }
        },
        "12": {
          "energy": -76.05712738587849,
          "e_diff": -9.144153523266141e-08,
          "rmsd": 1.6170546567146534e-08,
          "performance": {
            "total_time": 0.087066203
          }
        },
        "13": {
          "energy": -76.05712741331132,
          "e_diff": -2.743283289419196e-08,
          "rmsd": 4.856067159349802e-09,
          "performance": {
            "total_time": 0.08321864
          }
        },
        "14": {
          "energy": -76.05712742154108,
          "e_diff": -8.229761760958354e-09,
          "rmsd": 1.4597608481549916e-09,
          "performance": {
            "total_time": 0.079907193
          }
        },
        "15": {
          "energy": -76.0571274240101,
          "e_diff": -2.4690223199286265e-09,
          "rmsd": 4.383456143569058e-10,
          "performance": {
            "total_time": 0.079756703
          }
        },
        "16": {
          "energy": -76.0571274247508,
          "e_diff": -7.406981694657588e-10,
          "rmsd": 1.320979847856937e-10,
          "performance": {
            "total_time": 0.079122274
          }
        }
      },
      "final_energy": -76.0571274247508,
      "n_iterations": 16
    },
    "CD": {
      "n_cholesky_vectors": 1108
    },
    "CCSD": {
      "iter": {
        "1": {
          "residual": 0.6552648707399746,
          "correlation": 0.0,
          "performance": {
            "total_time": 1.237192117
          }
        },
        "2": {
          "residual": 0.06516753525566676,
          "correlation": -0.27511698005197643,
          "performance": {
            "total_time": 1.189092388
          }
        },
        "3": {
          "residual": 0.016994496790191375,
          "correlation": -0.2752615854198427,
          "performance": {
            "total_time": 1.19246117
          }
        },
        "4": {
          "residual": 0.005022824073080572,
          "correlation": -0.28007521506788785,
          "performance": {
            "total_time": 1.204044919
          }
        },
        "5": {
          "residual": 0.0020903344493185057,
          "correlation": -0.28042336574156007,
          "performance": {
            "total_time": 1.187832521
          }
        },
        "6": {
          "residual": 0.0007536215121921814,
          "correlation": -0.28086119516101427,
          "performance": {
            "total_time": 1.196143188
          }
        },
        "7": {
          "residual": 0.000244412941752833,
          "correlation": -0.2808490890133656,
          "performance": {
            "total_time": 1.196440981
          }
        },
        "8": {
          "residual": 0.00011561280245672817,
          "correlation": -0.28085743551326214,
          "performance": {
            "total_time": 1.191029059
          }
        },
        "9": {
          "residual": 5.0374608679984144e-05,
          "correlation": -0.2808618769991016,
          "performance": {
            "total_time": 1.187287114
          }
        },
        "10": {
          "residual": 2.687404913783249e-05,
          "correlation": -0.2808638634824193,
          "performance": {
            "total_time": 1.191887793
          }
        },
        "11": {
          "residual": 5.3538921498635966e-06,
          "correlation": -0.28086598550003394,
          "performance": {
            "total_time": 1.191528998
          }
        },
        "12": {
          "residual": 2.620202430062633e-06,
          "correlation": -0.28086636733939513,
          "performance": {
            "total_time": 1.182231758
          }
        },
        "13": {
          "residual": 1.3766007940778017e-06,
          "correlation": -0.28086617535779695,
          "performance": {
            "total_time": 1.177575594
          }
        },
        "14": {
          "residual": 7.65163535805481e-07,
          "correlation": -0.2808661428059982,
          "performance": {
            "total_time": 1.182380449
          }
        },
        "15": {
          "residual": 4.3416646513083426e-07,
          "correlation": -0.28086612555983675,
          "performance": {
            "total_time": 1.186553025
          }
        },
        "16": {
          "residual": 4.575105045431757e-08,
          "correlation": -0.28086612023229324,
          "performance": {
            "total_time": 1.192972275
          }
        },
        "17": {
          "residual": 1.548549527432862e-08,
          "correlation": -0.2808661151822865,
          "performance": {
            "total_time": 1.193791854
          }
        },
        "18": {
          "residual": 6.805217214731349e-09,
          "correlation": -0.28086611629528335,
          "performance": {
            "total_time": 1.204670271
          }
        },
        "19": {
          "residual": 3.05456254688975e-09,
          "correlation": -0.2808661164994316,
          "performance": {
            "total_time": 1.194761904
          }
        },
        "20": {
          "residual": 1.5269706607809447e-09,
          "correlation": -0.2808661166650109,
          "performance": {
            "total_time": 1.197615636
          }
        },
        "21": {
          "residual": 3.2801788623729553e-10,
          "correlation": -0.2808661167997701,
          "performance": {
            "total_time": 1.180542001
          }
        },