{
  "output": {
    "SCF": {
      "iter": {
        "1": {
          "energy": -76.03823574633091,
          "e_diff": -76.03823574633091,
          "rmsd": 0.00305062044491862,
          "performance": {
            "total_time": 0.080083824
          }
        },
        "2": {
          "energy": -76.05118696501458,
          "e_diff": -0.012951218683667776,
          "rmsd": 0.0008726777431893678,
          "performance": {
            "total_time": 0.086354326
          }
        },
        "3": {
          "energy": -76.05522663333076,
          "e_diff": -0.004039668316181633,
          "rmsd": 0.0003421165880088542,
          "performance": {
            "total_time": 0.103372903
          }
        },
        "4": {
          "energy": -76.05654684026652,
          "e_diff": -0.0013202069357589608,
          "rmsd": 0.00015696876804357232,
          "performance": {
            "total_time": 0.097132614
          }
        },
        "5": {
          "energy": -76.05695058698683,
          "e_diff": -0.00040374672030907277,
          "rmsd": 6.329311406296746e-05,
          "performance": {
            "total_time": 0.080199526
          }
        },
        "6": {
          "energy": -76.05707392893962,
          "e_diff": -0.00012334195278640436,
          "rmsd": 2.2252994251683798e-05,
          "performance": {
            "total_time": 0.096922547
          }
        },
        "7": {
          "energy": -76.05711132231252,
          "e_diff": -3.739337290653566e-05,
          "rmsd": 6.7157930105636445e-06,
          "performance": {
            "total_time": 0.084140424
          }
        },
        "8": {
          "energy": -76.05712258906394,
          "e_diff": -1.1266751414495957e-05,
          "rmsd": 1.986201122528545e-06,
          "performance": {
            "total_time": 0.08841921
          }
        },
        "9": {
          "energy": -76.05712597379443,
          "e_diff": -3.3847304905521014e-06,
          "rmsd": 5.934764312400376e-07,
          "performance": {
            "total_time": 0.090441462
          }
        },
        "10": {
          "energy": -76.05712698964325,
          "e_diff": -1.0158488237266283e-06,
          "rmsd": 1.7857880465011545e-07,
          "performance": {
            "total_time": 0.092600408
          }
        },
        "11": {
          "energy": -76.05712729443695,
          "e_diff": -3.047937013889168e-07,
          "rmsd": 5.382713383416897e-08,
          "performance": {
            "total_time": 0.094519241
          }
        },
        "12": {
          "energy": -76.05712738587849,
          "e_diff": -9.144153523266141e-08,
          "rmsd": 1.6170546567146534e-08,
          "performance": {
            "total_time": 0.085912951
          }
        },
        "13": {
          "energy": -76.05712741331132,
          "e_diff": -2.743283289419196e-08,
          "rmsd": 4.856067159349802e-09,
          "performance": {
            "total_time": 0.078593769
          }
        },
        "14": {
          "energy": -76.05712742154108,
          "e_diff": -8.229761760958354e-09,
          "rmsd": 1.4597608481549916e-09,
          "performance": {
            "total_time": 0.078897679
          }
        },
        "15": {
          "energy": -76.0571274240101,
          "e_diff": -2.4690223199286265e-09,
          "rmsd": 4.383456143569058e-10,
          "performance": {
            "total_time": 0.089025306
          }
        },
        "16": {
          "energy": -76.0571274247508,
          "e_diff": -7.406981694657588e-10,
          "rmsd": 1.320979847856937e-10,
          "performance": {
            "total_time": 0.078774878
          }
        }
      },
      "final_energy": -76.0571274247508,
      "n_iterations": 16
    },
    "CD": {
      "n_cholesky_vectors": 1108
    },
    "CCSD": {
      "iter": {
        "1": {
          "residual": 0.6552648707399745,
          "correlation": 0.0,
          "performance": {
            "total_time": 1.026405735
          }
        },
        "2": {
          "residual": 0.06516753525566676,
          "correlation": -0.2751169800519764,
          "performance": {
            "total_time": 0.847532846
          }
        },
        "3": {
          "residual": 0.016994496790191358,
          "correlation": -0.2752615854198429,
          "performance": {
            "total_time": 0.851550702
          }
        },
        "4": {
          "residual": 0.00502282407308057,
          "correlation": -0.28007521506788785,
          "performance": {
            "total_time": 0.842419893
          }
        },
        "5": {
          "residual": 0.002090334449318505,
          "correlation": -0.2804233657415602,
          "performance": {
            "total_time": 0.837651283
          }
        },
        "6": {
          "residual": 0.0007530916113233257,
          "correlation": -0.2808814098516316,
          "performance": {
            "total_time": 0.842904002
          }
        },
        "7": {
          "residual": 0.00023818815660021412,
          "correlation": -0.2808514644574452,
          "performance": {
            "total_time": 0.834406032
          }
        },
        "8": {
          "residual": 0.00011166792738195277,
          "correlation": -0.2808588008471129,
          "performance": {
            "total_time": 0.838701017
          }
        },
        "9": {
          "residual": 4.852971864787713e-05,
          "correlation": -0.2808622990106882,
          "performance": {
            "total_time": 0.844476421
          }
        },
        "10": {
          "residual": 2.6050806238046725e-05,
          "correlation": -0.28086405045873847,
          "performance": {
            "total_time": 0.861817699
          }
        },
        "11": {
          "residual": 5.2863392962122545e-06,
          "correlation": -0.28086594210330273,
          "performance": {
            "total_time": 0.86273107
          }
        },
        "12": {
          "residual": 2.58239637821809e-06,
          "correlation": -0.28086637530914565,
          "performance": {
            "total_time": 0.86508941
          }
        },
        "13": {
          "residual": 1.3361161727172535e-06,
          "correlation": -0.28086617357556026,
          "performance": {
            "total_time": 0.854954494
          }
        },
        "14": {
          "residual": 7.436362385696961e-07,
          "correlation": -0.2808661429516168,
          "performance": {
            "total_time": 0.839530868
          }
        },
        "15": {
          "residual": 4.200651545485349e-07,
          "correlation": -0.2808661256288735,
          "performance": {
            "total_time": 0.86321878
          }
        },
        "16": {
          "residual": 4.3115290909190606e-08,
          "correlation": -0.28086612200024985,
          "performance": {
            "total_time": 0.915276063
          }
        },
        "17": {
          "residual": 1.3770291538337914e-08,
          "correlation": -0.2808661153806848,
          "performance": {
            "total_time": 0.858265261
          }
        },
        "18": {
          "residual": 5.8000850336468226e-09,
          "correlation": -0.2808661164438586,
          "performance": {
            "total_time": 0.86410172
          }
        },
        "19": {
          "residual": 2.6364885245407764e-09,
          "correlation": -0.28086611654649957,
          "performance": {
            "total_time": 0.847209773
          }
        },
        "20": {
          "residual": 1.311778190039222e-09,
          "correlation": -0.2808661166908371,
          "performance": {
            "total_time": 0.840317357
          }
        },
        "21": {
          "residual": 2.9722875867348475e-10,
          "correlation": -0.28086611680837803,
          "performance": {
            "total_time": 0.820191165
          }
        },
        "22": {
          "residual": 1.4363438077937e-10,