{
  "output": {
    "SCF": {
      "iter": {
        "1": {
          "energy": -76.04789582270473,
          "e_diff": -76.04789582270473,
          "rmsd": 0.0010956145798722012,
          "performance": {
            "total_time": 0.363098825
          }
        },
        "2": {
          "energy": -76.06100305609445,
          "e_diff": -0.013107233389717976,
          "rmsd": 0.00037322090939459056,
          "performance": {
            "total_time": 0.393690802
          }
        },
        "3": {
          "energy": -76.06511345851641,
          "e_diff": -0.004110402421957815,
          "rmsd": 0.0001403387156861224,
          "performance": {
            "total_time": 0.385820608
          }
        },
        "4": {
          "energy": -76.06645800192675,
          "e_diff": -0.0013445434103402931,
          "rmsd": 5.844448049943842e-05,
          "performance": {
            "total_time": 0.390163144
          }
        },
        "5": {
          "energy": -76.06686809874714,
          "e_diff": -0.00041009682038861683,
          "rmsd": 2.1647586639348113e-05,
          "performance": {
            "total_time": 0.410851155
          }
        },
        "6": {
          "energy": -76.06699296130779,
          "e_diff": -0.00012486256065358248,
          "rmsd": 7.594620059715803e-06,
          "performance": {
            "total_time": 0.421817248
          }
        },
        "7": {
          "energy": -76.06703072773786,
          "e_diff": -3.776643006858649e-05,
          "rmsd": 2.3716569827805185e-06,
          "performance": {
            "total_time": 0.449312808
          }
        },
        "8": {
          "energy": -76.06704209480273,
          "e_diff": -1.1367064871592447e-05,
          "rmsd": 6.606350450882494e-07,
          "performance": {
            "total_time": 0.465863603
          }
        },
        "9": {
          "energy": -76.06704550861696,
          "e_diff": -3.413814226860268e-06,
          "rmsd": 1.8875484918012916e-07,
          "performance": {
            "total_time": 0.501520563
          }
        },
        "10": {
          "energy": -76.06704653310024,
          "e_diff": -1.0244832822081662e-06,
          "rmsd": 5.689898518860707e-08,
          "performance": {
            "total_time": 0.517955461
          }
        },
        "11": {
          "energy": -76.06704684047594,
          "e_diff": -3.073757000038313e-07,
          "rmsd": 1.741177459287841e-08,
          "performance": {
            "total_time": 0.537770935
          }
        },
        "12": {
          "energy": -76.06704693269145,
          "e_diff": -9.221551522387017e-08,
          "rmsd": 5.229568374258665e-09,
          "performance": {
            "total_time": 0.522033448
          }
        },
        "13": {
          "energy": -76.06704696035632,
          "e_diff": -2.766486772998178e-08,
          "rmsd": 1.5639479806463497e-09,
          "performance": {
            "total_time": 0.40553993
          }
        },
        "14": {
          "energy": -76.06704696865583,
          "e_diff": -8.299508635900565e-09,
          "rmsd": 4.692107416273894e-10,
          "performance": {
            "total_time": 0.379683303
          }
        },
        "15": {
          "energy": -76.06704697114563,
          "e_diff": -2.489798589522252e-09,
          "rmsd": 1.4105918340098325e-10,
          "performance": {
            "total_time": 0.381797539
          }
        },
        "16": {
          "energy": -76.0670469718925,
          "e_diff": -7.468656804121565e-10,
          "rmsd": 4.265191556264047e-11,
          "performance": {
            "total_time": 0.379212357
          }
        }
      },
      "final_energy": -76.0670469718925,
      "n_iterations": 16
    },
    "CD": {
      "n_cholesky_vectors": 3502
    },
    "CCSD": {
      "iter": {
        "1": {
          "residual": 1.040551734023029,
          "correlation": 0.0,
          "performance": {
            "total_time": 13.290187658
          }
        },
        "2": {
          "residual": 0.08808596152590589,
          "correlation": -0.32881399926854415,
          "performance": {
            "total_time": 12.851396365
          }
        },
        "3": {
          "residual": 0.020624675357851934,
          "correlation": -0.3240214883060973,
          "performance": {
            "total_time": 11.999938292
          }
        },
        "4": {
          "residual": 0.00541679574822464,
          "correlation": -0.33001217997089544,
          "performance": {
            "total_time": 12.533445028
          }
        },
        "5": {
          "residual": 0.002312065863524233,
          "correlation": -0.33000191861190037,
          "performance": {
            "total_time": 12.845621641
          }
        },
        "6": {
          "residual": 0.0012399204651968464,
          "correlation": -0.33050003740307565,
          "performance": {
            "total_time": 12.354278975
          }
        },
        "7": {
          "residual": 0.00038807814437025163,
          "correlation": -0.33048525139855167,
          "performance": {
            "total_time": 12.469705908
          }
        },
        "8": {
          "residual": 0.00018561163989605132,
          "correlation": -0.33049396979302653,
          "performance": {
            "total_time": 12.81876846
          }
        },
        "9": {
          "residual": 7.296838053245495e-05,
          "correlation": -0.3305033654992054,
          "performance": {
            "total_time": 12.535912251
          }
        },
        "10": {
          "residual": 3.7184056557947163e-05,
          "correlation": -0.33050643030487603,
          "performance": {
            "total_time": 12.246218345
          }
        },
        "11": {
          "residual": 5.286870010798028e-06,
          "correlation": -0.330510205945731,
          "performance": {
            "total_time": 12.899922405
          }
        },
        "12": {
          "residual": 2.370107062141915e-06,
          "correlation": -0.3305105185987953,
          "performance": {
            "total_time": 12.639399628
          }
        },
        "13": {
          "residual": 1.2465645827614518e-06,
          "correlation": -0.330510400428199,
          "performance": {
            "total_time": 12.487194643
          }
        },
        "14": {
          "residual": 6.729431748941079e-07,
          "correlation": -0.33051039239748264,
          "performance": {
            "total_time": 12.512451012
          }
        },
        "15": {
          "residual": 3.7720732287065754e-07,
          "correlation": -0.3305103821989637,
          "performance": {
            "total_time": 12.633598701
          }
        },
        "16": {
          "residual": 6.110625916144303e-08,
          "correlation": -0.33051037976128017,
          "performance": {
            "total_time": 12.383780647
          }
        },
        "17": {
          "residual": 2.149117611880021e-08,
          "correlation": -0.33051037668795535,
          "performance": {
            "total_time": 12.91313615
          }
        },
        "18": {
          "residual": 1.0790097601542514e-08,
          "correlation": -0.33051037793056004,
          "performance": {
            "total_time": 12.558282204
          }
        },
        "19": {
          "residual": 5.405954071206877e-09,
          "correlation": -0.33051037812166284,
          "performance": {
            "total_time": 12.441311307
          }
        },
        "20": {
          "residual": 2.9912748295512144e-09,
          "correlation": -0.33051037824580753,
          "performance": {
            "total_time": 12.604686356
          }
        },
        "21": {
          "residual": 6.791046727400388e-10,
          "correlation": -0.3305103783365721,
          "performance": {
            "total_time": 12.36300053
          }
        },