{
  "output": {
    "SCF": {
      "iter": {
        "1": {
          "energy": -76.04567100870821,
          "e_diff": -76.04567100870821,
          "rmsd": 0.0014377560750720127,
          "performance": {
            "total_time": 1.167168876
          }
        },
        "2": {
          "energy": -76.05876568988893,
          "e_diff": -0.013094681180717771,
          "rmsd": 0.0004663675989762367,
          "performance": {
            "total_time": 0.893390234
          }
        },
        "3": {
          "energy": -76.06286517459174,
          "e_diff": -0.004099484702805967,
          "rmsd": 0.0001789807124598389,
          "performance": {
            "total_time": 0.868329436
          }
        },
        "4": {
          "energy": -76.06420473093883,
          "e_diff": -0.00133955634709082,
          "rmsd": 7.691008822286786e-05,
          "performance": {
            "total_time": 0.874665381
          }
        },
        "5": {
          "energy": -76.06461332479412,
          "e_diff": -0.00040859385529756764,
          "rmsd": 2.948271328453241e-05,
          "performance": {
            "total_time": 0.872458797
          }
        },
        "6": {
          "energy": -76.06473780524405,
          "e_diff": -0.00012448044992652285,
          "rmsd": 1.038099251739065e-05,
          "performance": {
            "total_time": 0.881709107
          }
        },
        "7": {
          "energy": -76.06477548066039,
          "e_diff": -3.767541633692417e-05,
          "rmsd": 3.1480857610403763e-06,
          "performance": {
            "total_time": 0.902541135
          }
        },
        "8": {
          "energy": -76.06478682483615,
          "e_diff": -1.1344175760541475e-05,
          "rmsd": 9.03135431408967e-07,
          "performance": {
            "total_time": 0.885131444
          }
        },
        "9": {
          "energy": -76.06479023217602,
          "e_diff": -3.4073398751388595e-06,
          "rmsd": 2.6865771151498156e-07,
          "performance": {
            "total_time": 0.896161565
          }
        },
        "10": {
          "energy": -76.06479125475045,
          "e_diff": -1.0225744233594014e-06,
          "rmsd": 8.07108153414599e-08,
          "performance": {
            "total_time": 0.900136332
          }
        },
        "11": {
          "energy": -76.06479156155675,
          "e_diff": -3.068062994771026e-07,
          "rmsd": 2.430535619512268e-08,
          "performance": {
            "total_time": 0.901417203
          }
        },
        "12": {
          "energy": -76.0647916536017,
          "e_diff": -9.204495654557832e-08,
          "rmsd": 7.314064213542548e-09,
          "performance": {
            "total_time": 0.890170629
          }
        },
        "13": {
          "energy": -76.06479168121552,
          "e_diff": -2.7613822339844774e-08,
          "rmsd": 2.197649857616033e-09,
          "performance": {
            "total_time": 0.878394562
          }
        },
        "14": {
          "energy": -76.06479168949963,
          "e_diff": -8.284104069389286e-09,
          "rmsd": 6.607221545619293e-10,
          "performance": {
            "total_time": 0.888293003
          }
        },
        "15": {
          "energy": -76.06479169198477,
          "e_diff": -2.4851374291756656e-09,
          "rmsd": 1.9848718579397805e-10,
          "performance": {
            "total_time": 0.87873959
          }
        },
        "16": {
          "energy": -76.06479169273035,
          "e_diff": -7.455867034877883e-10,
          "rmsd": 5.985487613623785e-11,
          "performance": {
            "total_time": 0.887350754
          }
        }
      },
      "final_energy": -76.06479169273035,
      "n_iterations": 16
    },
    "CD": {
      "n_cholesky_vectors": 2181
    },
    "CCSD": {
      "iter": {
        "1": {
          "residual": 0.936016101146796,
          "correlation": 0.0,
          "performance": {
            "total_time": 27.155664279
          }
        },
        "2": {
          "residual": 0.07999326443149825,
          "correlation": -0.3133281155643018,
          "performance": {
            "total_time": 25.571117587
          }
        },
        "3": {
          "residual": 0.019052925347519158,
          "correlation": -0.31090459202146853,
          "performance": {
            "total_time": 26.572511415
          }
        },
        "4": {
          "residual": 0.005209230080756237,
          "correlation": -0.31642737284497796,
          "performance": {
            "total_time": 25.581848958
          }
        },
        "5": {
          "residual": 0.002174307277271058,
          "correlation": -0.3165661411940472,
          "performance": {
            "total_time": 25.285952959
          }
        },
        "6": {
          "residual": 0.0009972834743083407,
          "correlation": -0.31707757329927083,
          "performance": {
            "total_time": 25.583796963
          }
        },
        "7": {
          "residual": 0.0003067751866815787,
          "correlation": -0.31702224366014603,
          "performance": {
            "total_time": 25.466889938
          }
        },
        "8": {
          "residual": 0.00013604273264203304,
          "correlation": -0.317029043234781,
          "performance": {
            "total_time": 25.44669617
          }
        },
        "9": {
          "residual": 5.411804606083146e-05,
          "correlation": -0.3170340925325185,
          "performance": {
            "total_time": 25.481964003
          }
        },
        "10": {
          "residual": 2.7437252417130937e-05,
          "correlation": -0.31703619651179027,
          "performance": {
            "total_time": 25.489837782
          }
        },
        "11": {
          "residual": 5.124596588800829e-06,
          "correlation": -0.317038607464191,
          "performance": {
            "total_time": 25.378529558
          }
        },
        "12": {
          "residual": 2.5761413517759465e-06,
          "correlation": -0.31703895325929027,
          "performance": {
            "total_time": 25.384879119
          }
        },
        "13": {
          "residual": 1.4423915098700707e-06,
          "correlation": -0.3170388325213164,
          "performance": {
            "total_time": 25.757208767
          }
        },
        "14": {
          "residual": 8.252161926265939e-07,
          "correlation": -0.3170388264551141,
          "performance": {
            "total_time": 25.605465115
          }
        },
        "15": {
          "residual": 4.772414551593966e-07,
          "correlation": -0.3170388181278485,
          "performance": {
            "total_time": 25.829021502
          }
        },
        "16": {
          "residual": 3.8688879736422046e-08,
          "correlation": -0.317038816868829,
          "performance": {
            "total_time": 25.360243947
          }
        },
        "17": {
          "residual": 1.1309367638605816e-08,
          "correlation": -0.3170388138387009,
          "performance": {
            "total_time": 25.363955542
          }
        },
        "18": {
          "residual": 5.069755584064539e-09,
          "correlation": -0.3170388148208872,
          "performance": {
            "total_time": 25.444968745
          }
        },
        "19": {
          "residual": 2.0498830958870145e-09,
          "correlation": -0.3170388150197491,
          "performance": {
            "total_time": 25.747007646
          }
        },
        "20": {
          "residual": 1.0251646103561402e-09,
          "correlation": -0.317038815154684,
          "performance": {
            "total_time": 25.553909539
          }
        },
        "21": {
          "residual": 2.4449947287836545e-10,
          "correlation": -0.317038815259977,
          "performance": {
            "total_time": 25.377006692
          }
        },