{
  "output": {
    "SCF": {
      "iter": {
        "1": {
          "energy": -76.03823574633091,
          "e_diff": -76.03823574633091,
          "rmsd": 0.00305062044491862,
          "performance": {
            "total_time": 0.082465801
          }
        },
        "2": {
          "energy": -76.05118696501458,
          "e_diff": -0.012951218683667776,
          "rmsd": 0.0008726777431893678,
          "performance": {
            "total_time": 0.084646194
          }
        },
        "3": {
          "energy": -76.05522663333076,
          "e_diff": -0.004039668316181633,
          "rmsd": 0.0003421165880088542,
          "performance": {
            "total_time": 0.098578652
          }
        },
        "4": {
          "energy": -76.05654684026652,
          "e_diff": -0.0013202069357589608,
          "rmsd": 0.00015696876804357232,
          "performance": {
            "total_time": 0.107268616
          }
        },
        "5": {
          "energy": -76.05695058698683,
          "e_diff": -0.00040374672030907277,
          "rmsd": 6.329311406296746e-05,
          "performance": {
            "total_time": 0.106890674
          }
        },
        "6": {
          "energy": -76.05707392893962,
          "e_diff": -0.00012334195278640436,
          "rmsd": 2.2252994251683798e-05,
          "performance": {
            "total_time": 0.088150043
          }
        },
        "7": {
          "energy": -76.05711132231252,
          "e_diff": -3.739337290653566e-05,
          "rmsd": 6.7157930105636445e-06,
          "performance": {
            "total_time": 0.087748904
          }
        },
        "8": {
          "energy": -76.05712258906394,
          "e_diff": -1.1266751414495957e-05,
          "rmsd": 1.986201122528545e-06,
          "performance": {
            "total_time": 0.119436964
          }
        },
        "9": {
          "energy": -76.05712597379443,
          "e_diff": -3.3847304905521014e-06,
          "rmsd": 5.934764312400376e-07,
          "performance": {
            "total_time": 0.113885818
          }
        },
        "10": {
          "energy": -76.05712698964325,
          "e_diff": -1.0158488237266283e-06,
          "rmsd": 1.7857880465011545e-07,
          "performance": {
            "total_time": 0.145684843
          }
        },
        "11": {
          "energy": -76.05712729443695,
          "e_diff": -3.047937013889168e-07,
          "rmsd": 5.382713383416897e-08,
          "performance": {
            "total_time": 0.130272841
          }
        },
        "12": {
          "energy": -76.05712738587849,
          "e_diff": -9.144153523266141e-08,
          "rmsd": 1.6170546567146534e-08,
          "performance": {
            "total_time": 0.097586553
          }
        },
        "13": {
          "energy": -76.05712741331132,
          "e_diff": -2.743283289419196e-08,
          "rmsd": 4.856067159349802e-09,
          "performance": {
            "total_time": 0.077956405
          }
        },
        "14": {
          "energy": -76.05712742154108,
          "e_diff": -8.229761760958354e-09,
          "rmsd": 1.4597608481549916e-09,
          "performance": {
            "total_time": 0.077082216
          }
        },
        "15": {
          "energy": -76.0571274240101,
          "e_diff": -2.4690223199286265e-09,
          "rmsd": 4.383456143569058e-10,
          "performance": {
            "total_time": 0.080315841
          }
        },
        "16": {
          "energy": -76.0571274247508,
          "e_diff": -7.406981694657588e-10,
          "rmsd": 1.320979847856937e-10,
          "performance": {
            "total_time": 0.080265085
          }
        }
      },
      "final_energy": -76.0571274247508,
      "n_iterations": 16
    },
    "CD": {
      "n_cholesky_vectors": 1108
    },
    "CCSD": {
      "iter": {
        "1": {
          "residual": 0.6552648707399744,
          "correlation": 0.0,
          "performance": {
            "total_time": 1.063222722
          }
        },
        "2": {
          "residual": 0.06516753525566676,
          "correlation": -0.27511698005197655,
          "performance": {
            "total_time": 0.853748631
          }
        },
        "3": {
          "residual": 0.01699449679019136,
          "correlation": -0.2752615854198429,
          "performance": {
            "total_time": 0.858536007
          }
        },
        "4": {
          "residual": 0.005022824073080572,
          "correlation": -0.2800752150678882,
          "performance": {
            "total_time": 0.850142384
          }
        },
        "5": {
          "residual": 0.0020903344493184923,
          "correlation": -0.28042336574156024,
          "performance": {
            "total_time": 0.929216821
          }
        },
        "6": {
          "residual": 0.0007529879543025521,
          "correlation": -0.28087999121335344,
          "performance": {
            "total_time": 0.905430204
          }
        },
        "7": {
          "residual": 0.00023858195162946606,
          "correlation": -0.28085127940339294,
          "performance": {
            "total_time": 0.90535973
          }
        },
        "8": {
          "residual": 0.00011193510489815526,
          "correlation": -0.28085870050886824,
          "performance": {
            "total_time": 0.884578193
          }
        },
        "9": {
          "residual": 4.8650194133359504e-05,
          "correlation": -0.28086226914615875,
          "performance": {
            "total_time": 0.911436068
          }
        },
        "10": {
          "residual": 2.6105691473809443e-05,
          "correlation": -0.28086403717149533,
          "performance": {
            "total_time": 0.881573962
          }
        },
        "11": {
          "residual": 5.2905445462884215e-06,
          "correlation": -0.2808659446940604,
          "performance": {
            "total_time": 0.875872751
          }
        },
        "12": {
          "residual": 2.5867804624971097e-06,
          "correlation": -0.2808663740531453,
          "performance": {
            "total_time": 0.899135657
          }
        },
        "13": {
          "residual": 1.3412729472943183e-06,
          "correlation": -0.2808661735920213,
          "performance": {
            "total_time": 0.88726535
          }
        },
        "14": {
          "residual": 7.46393407047938e-07,
          "correlation": -0.28086614289559747,
          "performance": {
            "total_time": 0.864385166
          }
        },
        "15": {
          "residual": 4.2187751622869345e-07,
          "correlation": -0.28086612560270685,
          "performance": {
            "total_time": 0.858899293
          }
        },
        "16": {
          "residual": 4.338651995037129e-08,
          "correlation": -0.2808661218644719,
          "performance": {
            "total_time": 0.874917892
          }
        },
        "17": {
          "residual": 1.387395522085005e-08,
          "correlation": -0.28086611537252754,
          "performance": {
            "total_time": 0.868822032
          }
        },
        "18": {
          "residual": 5.859753108858834e-09,
          "correlation": -0.2808661164331536,
          "performance": {
            "total_time": 0.867068641
          }
        },
        "19": {
          "residual": 2.6499944945638927e-09,
          "correlation": -0.28086611654428034,
          "performance": {
            "total_time": 0.853675749
          }
        },
        "20": {
          "residual": 1.3176623254046974e-09,
          "correlation": -0.2808661166892041,
          "performance": {
            "total_time": 0.972531601
          }
        },
        "21": {
          "residual": 2.955868997721616e-10,
          "correlation": -0.28086611680748075,
          "performance": {
            "total_time": 0.85653755
          }
        },