{
  "output": {
    "SCF": {
      "iter": {
        "1": {
          "energy": -76.03823574633091,
          "e_diff": -76.03823574633091,
          "rmsd": 0.00305062044491862,
          "performance": {
            "total_time": 0.081233699
          }
        },
        "2": {
          "energy": -76.05118696501458,
          "e_diff": -0.012951218683667776,
          "rmsd": 0.0008726777431893678,
          "performance": {
            "total_time": 0.078812717
          }
        },
        "3": {
          "energy": -76.05522663333076,
          "e_diff": -0.004039668316181633,
          "rmsd": 0.0003421165880088542,
          "performance": {
            "total_time": 0.1137825
          }
        },
        "4": {
          "energy": -76.05654684026652,
          "e_diff": -0.0013202069357589608,
          "rmsd": 0.00015696876804357232,
          "performance": {
            "total_time": 0.13346411
          }
        },
        "5": {
          "energy": -76.05695058698683,
          "e_diff": -0.00040374672030907277,
          "rmsd": 6.329311406296746e-05,
          "performance": {
            "total_time": 0.083936977
          }
        },
        "6": {
          "energy": -76.05707392893962,
          "e_diff": -0.00012334195278640436,
          "rmsd": 2.2252994251683798e-05,
          "performance": {
            "total_time": 0.088007329
          }
        },
        "7": {
          "energy": -76.05711132231252,
          "e_diff": -3.739337290653566e-05,
          "rmsd": 6.7157930105636445e-06,
          "performance": {
            "total_time": 0.140887899
          }
        },
        "8": {
          "energy": -76.05712258906394,
          "e_diff": -1.1266751414495957e-05,
          "rmsd": 1.986201122528545e-06,
          "performance": {
            "total_time": 0.137134858
          }
        },
        "9": {
          "energy": -76.05712597379443,
          "e_diff": -3.3847304905521014e-06,
          "rmsd": 5.934764312400376e-07,
          "performance": {
            "total_time": 0.103980237
          }
        },
        "10": {
          "energy": -76.05712698964325,
          "e_diff": -1.0158488237266283e-06,
          "rmsd": 1.7857880465011545e-07,
          "performance": {
            "total_time": 0.088548803
          }
        },
        "11": {
          "energy": -76.05712729443695,
          "e_diff": -3.047937013889168e-07,
          "rmsd": 5.382713383416897e-08,
          "performance": {
            "total_time": 0.08635831
          }
        },
        "12": {
          "energy": -76.05712738587849,
          "e_diff": -9.144153523266141e-08,
          "rmsd": 1.6170546567146534e-08,
          "performance": {
            "total_time": 0.086332765
          }
        },
        "13": {
          "energy": -76.05712741331132,
          "e_diff": -2.743283289419196e-08,
          "rmsd": 4.856067159349802e-09,
          "performance": {
            "total_time": 0.077327059
          }
        },
        "14": {
          "energy": -76.05712742154108,
          "e_diff": -8.229761760958354e-09,
          "rmsd": 1.4597608481549916e-09,
          "performance": {
            "total_time": 0.082059418
          }
        },
        "15": {
          "energy": -76.0571274240101,
          "e_diff": -2.4690223199286265e-09,
          "rmsd": 4.383456143569058e-10,
          "performance": {
            "total_time": 0.079190989
          }
        },
        "16": {
          "energy": -76.0571274247508,
          "e_diff": -7.406981694657588e-10,
          "rmsd": 1.320979847856937e-10,
          "performance": {
            "total_time": 0.080680121
          }
        }
      },
      "final_energy": -76.0571274247508,
      "n_iterations": 16
    },
    "CD": {
      "n_cholesky_vectors": 1108
    },
    "CCSD": {
      "iter": {
        "1": {
          "residual": 0.6552648707399746,
          "correlation": 0.0,
          "performance": {
            "total_time": 1.194574439
          }
        },
        "2": {
          "residual": 0.06516753525566678,
          "correlation": -0.2751169800519766,
          "performance": {
            "total_time": 1.127426384
          }
        },
        "3": {
          "residual": 0.016994496790191348,
          "correlation": -0.275261585419843,
          "performance": {
            "total_time": 1.129946842
          }
        },
        "4": {
          "residual": 0.005022824073080574,
          "correlation": -0.2800752150678881,
          "performance": {
            "total_time": 1.134543157
          }
        },
        "5": {
          "residual": 0.002090334449318499,
          "correlation": -0.2804233657415601,
          "performance": {
            "total_time": 1.153149295
          }
        },
        "6": {
          "residual": 0.0007508788144406724,
          "correlation": -0.2808828415638009,
          "performance": {
            "total_time": 1.114303573
          }
        },
        "7": {
          "residual": 0.00023653040775070181,
          "correlation": -0.28085059533505785,
          "performance": {
            "total_time": 1.1570118
          }
        },
        "8": {
          "residual": 0.00011049231308889689,
          "correlation": -0.2808591462057341,
          "performance": {
            "total_time": 1.132231526
          }
        },
        "9": {
          "residual": 4.8155309500008124e-05,
          "correlation": -0.280862341122037,
          "performance": {
            "total_time": 1.116698395
          }
        },
        "10": {
          "residual": 2.58552500610825e-05,
          "correlation": -0.28086409098739606,
          "performance": {
            "total_time": 1.142319128
          }
        },
        "11": {
          "residual": 5.304369766204003e-06,
          "correlation": -0.28086583707859264,
          "performance": {
            "total_time": 1.145325654
          }
        },
        "12": {
          "residual": 2.5767887212892796e-06,
          "correlation": -0.2808663625774859,
          "performance": {
            "total_time": 1.157363578
          }
        },
        "13": {
          "residual": 1.3783561180072358e-06,
          "correlation": -0.28086616331339387,
          "performance": {
            "total_time": 1.139901565
          }
        },
        "14": {
          "residual": 7.683469424085826e-07,
          "correlation": -0.2808661396157169,
          "performance": {
            "total_time": 1.128073131
          }
        },
        "15": {
          "residual": 4.39348727830091e-07,
          "correlation": -0.2808661237333954,
          "performance": {
            "total_time": 1.120168781
          }
        },
        "16": {
          "residual": 4.975490877014532e-08,
          "correlation": -0.28086611938828976,
          "performance": {
            "total_time": 1.110457179
          }
        },
        "17": {
          "residual": 1.5899313476214466e-08,
          "correlation": -0.28086611533230016,
          "performance": {
            "total_time": 1.143026134
          }
        },
        "18": {
          "residual": 7.080772194732447e-09,
          "correlation": -0.2808661162737296,
          "performance": {
            "total_time": 1.134561621
          }
        },
        "19": {
          "residual": 3.108791448906853e-09,
          "correlation": -0.2808661165063774,
          "performance": {
            "total_time": 1.128206461
          }
        },
        "20": {
          "residual": 1.5881000859250725e-09,
          "correlation": -0.28086611666234024,
          "performance": {
            "total_time": 1.107764653
          }
        },
        "21": {
          "residual": 3.4157851340734306e-10,
          "correlation": -0.28086611679011175,
          "performance": {
            "total_time": 1.1228762
          }
        },
        "22": {
          "residual": 1.7498416965705316e-10,