{
  "output": {
    "SCF": {
      "iter": {
        "1": {
          "energy": -76.00972282596703,
          "e_diff": -76.00972282596703,
          "rmsd": 0.008462412601085498,
          "performance": {
            "total_time": 0.012939882
          }
        },
        "2": {
          "energy": -76.02127604778076,
          "e_diff": -0.011553221813727532,
          "rmsd": 0.003134557352679737,
          "performance": {
            "total_time": 0.01327676
          }
        },
        "3": {
          "energy": -76.0249787836307,
          "e_diff": -0.0037027358499415186,
          "rmsd": 0.0012359891637543344,
          "performance": {
            "total_time": 0.013545818
          }
        },
        "4": {
          "energy": -76.02621647977341,
          "e_diff": -0.0012376961427094102,
          "rmsd": 0.0006028305729290901,
          "performance": {
            "total_time": 0.014123394
          }
        },
        "5": {
          "energy": -76.026601054851,
          "e_diff": -0.0003845750775894885,
          "rmsd": 0.00022082941517892395,
          "performance": {
            "total_time": 0.015125209
          }
        },
        "6": {
          "energy": -76.0267201393163,
          "e_diff": -0.00011908446529673711,
          "rmsd": 7.198111902931023e-05,
          "performance": {
            "total_time": 0.016244083
          }
        },
        "7": {
          "energy": -76.02675641582286,
          "e_diff": -3.627650656312653e-05,
          "rmsd": 2.2077915298579458e-05,
          "performance": {
            "total_time": 0.016427908
          }
        },
        "8": {
          "energy": -76.02676735825983,
          "e_diff": -1.0942436972527503e-05,
          "rmsd": 6.6054131024239635e-06,
          "performance": {
            "total_time": 0.017239859
          }
        },
        "9": {
          "energy": -76.02677064664707,
          "e_diff": -3.288387233624235e-06,
          "rmsd": 1.9912814752979457e-06,
          "performance": {
            "total_time": 0.019158873
          }
        },
        "10": {
          "energy": -76.02677163367238,
          "e_diff": -9.870253165900067e-07,
          "rmsd": 5.982519644215428e-07,
          "performance": {
            "total_time": 0.019583788
          }
        },
        "11": {
          "energy": -76.02677192982603,
          "e_diff": -2.9615364383062115e-07,
          "rmsd": 1.7959610511013342e-07,
          "performance": {
            "total_time": 0.018992932
          }
        },
        "12": {
          "energy": -76.0267720186763,
          "e_diff": -8.885027114047261e-08,
          "rmsd": 5.388142706449837e-08,
          "performance": {
            "total_time": 0.014241048
          }
        },
        "13": {
          "energy": -76.0267720453318,
          "e_diff": -2.665549914127041e-08,
          "rmsd": 1.6166133323045545e-08,
          "performance": {
            "total_time": 0.013718913
          }
        },
        "14": {
          "energy": -76.02677205332844,
          "e_diff": -7.99664690021018e-09,
          "rmsd": 4.850554941803056e-09,
          "performance": {
            "total_time": 0.013370179
          }
        },
        "15": {
          "energy": -76.02677205572746,
          "e_diff": -2.3990196496015415e-09,
          "rmsd": 1.4551329661051036e-09,
          "performance": {
            "total_time": 0.013349227
          }
        },
        "16": {
          "energy": -76.02677205644716,
          "e_diff": -7.196945261966903e-10,
          "rmsd": 4.36574320490135e-10,
          "performance": {
            "total_time": 0.013263495
          }
        }
      },
      "final_energy": -76.02677205644716,
      "n_iterations": 16
    },
    "CD": {
      "n_cholesky_vectors": 279
    },
    "CCSD": {
      "iter": {
        "1": {
          "residual": 0.4318050649027351,
          "correlation": 0.0,
          "performance": {
            "total_time": 0.02340816
          }
        },
        "2": {
          "residual": 0.05015121226683553,
          "correlation": -0.2040035590645356,
          "performance": {
            "total_time": 0.021087146
          }
        },
        "3": {
          "residual": 0.01513921335637687,
          "correlation": -0.20895408299659635,
          "performance": {
            "total_time": 0.021075498
          }
        },
        "4": {
          "residual": 0.005293593200573252,
          "correlation": -0.21215839391368785,
          "performance": {
            "total_time": 0.021120399
          }
        },
        "5": {
          "residual": 0.0021480140497693928,
          "correlation": -0.21287071141869615,
          "performance": {
            "total_time": 0.021398719
          }
        },
        "6": {
          "residual": 0.0005463497860491829,
          "correlation": -0.21332034117683663,
          "performance": {
            "total_time": 0.021162982
          }
        },
        "7": {
          "residual": 0.0001840646726160005,
          "correlation": -0.2133142971071576,
          "performance": {
            "total_time": 0.021182583
          }
        },
        "8": {
          "residual": 9.176176779760683e-05,
          "correlation": -0.21332115433135357,
          "performance": {
            "total_time": 0.021236966
          }
        },
        "9": {
          "residual": 4.4672866891714915e-05,
          "correlation": -0.2133241786005712,
          "performance": {
            "total_time": 0.021044488
          }
        },
        "10": {
          "residual": 2.402037472574751e-05,
          "correlation": -0.21332568586802164,
          "performance": {
            "total_time": 0.021043247
          }
        },
        "11": {
          "residual": 3.591705307403516e-06,
          "correlation": -0.21332721078579173,
          "performance": {
            "total_time": 0.021049836
          }
        },
        "12": {
          "residual": 1.582749209858905e-06,
          "correlation": -0.21332763963905815,
          "performance": {
            "total_time": 0.021038888
          }
        },
        "13": {
          "residual": 7.806009005311967e-07,
          "correlation": -0.2133274801958839,
          "performance": {
            "total_time": 0.021739775
          }
        },
        "14": {
          "residual": 4.0670769141660157e-07,
          "correlation": -0.21332744650229013,
          "performance": {
            "total_time": 0.022818362
          }
        },
        "15": {
          "residual": 2.214648195713591e-07,
          "correlation": -0.21332743096665438,
          "performance": {
            "total_time": 0.02137218
          }
        },
        "16": {
          "residual": 3.0913160480689925e-08,
          "correlation": -0.21332742368314647,
          "performance": {
            "total_time": 0.021545151
          }
        },
        "17": {
          "residual": 1.03206497973029e-08,
          "correlation": -0.21332742141117328,
          "performance": {
            "total_time": 0.021509349
          }
        },
        "18": {
          "residual": 4.872409129767214e-09,
          "correlation": -0.21332742167059068,
          "performance": {
            "total_time": 0.021008882
          }
        },
        "19": {
          "residual": 2.2673853260920063e-09,
          "correlation": -0.21332742185519918,
          "performance": {
            "total_time": 0.021032751
          }
        },
        "20": {
          "residual": 1.1678880861093109e-09,
          "correlation": -0.21332742194462334,
          "performance": {
            "total_time": 0.021454099
          }
        },
        "21": {
          "residual": 1.902805384711541e-10,
          "correlation": -0.21332742203020044,
          "performance": {
            "total_time": 0.021905625
          }
        },
        "22": {
          "residual": 9.714757305740404e-11,