{
  "output": {
    "SCF": {
      "iter": {
        "1": {
          "energy": -76.04567100870821,
          "e_diff": -76.04567100870821,
          "rmsd": 0.0014377560750720127,
          "performance": {
            "total_time": 0.989021172
          }
        },
        "2": {
          "energy": -76.05876568988893,
          "e_diff": -0.013094681180717771,
          "rmsd": 0.0004663675989762367,
          "performance": {
            "total_time": 0.883313863
          }
        },
        "3": {
          "energy": -76.06286517459174,
          "e_diff": -0.004099484702805967,
          "rmsd": 0.0001789807124598389,
          "performance": {
            "total_time": 0.876132556
          }
        },
        "4": {
          "energy": -76.06420473093883,
          "e_diff": -0.00133955634709082,
          "rmsd": 7.691008822286786e-05,
          "performance": {
            "total_time": 0.870658325
          }
        },
        "5": {
          "energy": -76.06461332479412,
          "e_diff": -0.00040859385529756764,
          "rmsd": 2.948271328453241e-05,
          "performance": {
            "total_time": 0.874785774
          }
        },
        "6": {
          "energy": -76.06473780524405,
          "e_diff": -0.00012448044992652285,
          "rmsd": 1.038099251739065e-05,
          "performance": {
            "total_time": 0.874821872
          }
        },
        "7": {
          "energy": -76.06477548066039,
          "e_diff": -3.767541633692417e-05,
          "rmsd": 3.1480857610403763e-06,
          "performance": {
            "total_time": 0.87597051
          }
        },
        "8": {
          "energy": -76.06478682483615,
          "e_diff": -1.1344175760541475e-05,
          "rmsd": 9.03135431408967e-07,
          "performance": {
            "total_time": 0.876092084
          }
        },
        "9": {
          "energy": -76.06479023217602,
          "e_diff": -3.4073398751388595e-06,
          "rmsd": 2.6865771151498156e-07,
          "performance": {
            "total_time": 0.880693475
          }
        },
        "10": {
          "energy": -76.06479125475045,
          "e_diff": -1.0225744233594014e-06,
          "rmsd": 8.07108153414599e-08,
          "performance": {
            "total_time": 0.894391215
          }
        },
        "11": {
          "energy": -76.06479156155675,
          "e_diff": -3.068062994771026e-07,
          "rmsd": 2.430535619512268e-08,
          "performance": {
            "total_time": 0.888885253
          }
        },
        "12": {
          "energy": -76.0647916536017,
          "e_diff": -9.204495654557832e-08,
          "rmsd": 7.314064213542548e-09,
          "performance": {
            "total_time": 0.902160995
          }
        },
        "13": {
          "energy": -76.06479168121552,
          "e_diff": -2.7613822339844774e-08,
          "rmsd": 2.197649857616033e-09,
          "performance": {
            "total_time": 0.86321264
          }
        },
        "14": {
          "energy": -76.06479168949963,
          "e_diff": -8.284104069389286e-09,
          "rmsd": 6.607221545619293e-10,
          "performance": {
            "total_time": 0.861427232
          }
        },
        "15": {
          "energy": -76.06479169198477,
          "e_diff": -2.4851374291756656e-09,
          "rmsd": 1.9848718579397805e-10,
          "performance": {
            "total_time": 0.859316447
          }
        },
        "16": {
          "energy": -76.06479169273035,
          "e_diff": -7.455867034877883e-10,
          "rmsd": 5.985487613623785e-11,
          "performance": {
            "total_time": 0.862999788
          }
        }
      },
      "final_energy": -76.06479169273035,
      "n_iterations": 16
    },
    "CD": {
      "n_cholesky_vectors": 2181
    },
    "CCSD": {
      "iter": {
        "1": {
          "residual": 0.9360161011467958,
          "correlation": 0.0,
          "performance": {
            "total_time": 26.345461996
          }
        },
        "2": {
          "residual": 0.07999326443149825,
          "correlation": -0.31332811556430157,
          "performance": {
            "total_time": 25.661647785
          }
        },
        "3": {
          "residual": 0.019052925347519154,
          "correlation": -0.3109045920214684,
          "performance": {
            "total_time": 25.664949223
          }
        },
        "4": {
          "residual": 0.005209230080756226,
          "correlation": -0.31642737284497774,
          "performance": {
            "total_time": 25.780958077
          }
        },
        "5": {
          "residual": 0.0021743072772710636,
          "correlation": -0.3165661411940471,
          "performance": {
            "total_time": 25.666555175
          }
        },
        "6": {
          "residual": 0.000997133681690087,
          "correlation": -0.3170617084500678,
          "performance": {
            "total_time": 25.722618442
          }
        },
        "7": {
          "residual": 0.00031443595827440824,
          "correlation": -0.3170198560752272,
          "performance": {
            "total_time": 25.632295389
          }
        },
        "8": {
          "residual": 0.00014140612265552168,
          "correlation": -0.31702750649810074,
          "performance": {
            "total_time": 25.713401801
          }
        },
        "9": {
          "residual": 5.6880309435762276e-05,
          "correlation": -0.3170335618085664,
          "performance": {
            "total_time": 25.657370291
          }
        },
        "10": {
          "residual": 2.8681581150737273e-05,
          "correlation": -0.3170359629747317,
          "performance": {
            "total_time": 25.799807469
          }
        },
        "11": {
          "residual": 5.16936237809977e-06,
          "correlation": -0.31703869798922346,
          "performance": {
            "total_time": 25.732446348
          }
        },
        "12": {
          "residual": 2.636985332255942e-06,
          "correlation": -0.31703897595472974,
          "performance": {
            "total_time": 25.833077612
          }
        },
        "13": {
          "residual": 1.444824528031462e-06,
          "correlation": -0.31703884516738584,
          "performance": {
            "total_time": 25.728296121
          }
        },
        "14": {
          "residual": 8.292571651175224e-07,
          "correlation": -0.3170388307500226,
          "performance": {
            "total_time": 25.624119239
          }
        },
        "15": {
          "residual": 4.759241897360752e-07,
          "correlation": -0.3170388202617111,
          "performance": {
            "total_time": 25.79763806
          }
        },
        "16": {
          "residual": 3.651969736029751e-08,
          "correlation": -0.31703881817982216,
          "performance": {
            "total_time": 25.680168496
          }
        },
        "17": {
          "residual": 1.2589959070746808e-08,
          "correlation": -0.3170388135081094,
          "performance": {
            "total_time": 25.748693352
          }
        },
        "18": {
          "residual": 4.787161036271362e-09,
          "correlation": -0.3170388148715133,
          "performance": {
            "total_time": 25.764651018
          }
        },
        "19": {
          "residual": 2.343740959250354e-09,
          "correlation": -0.31703881498620623,
          "performance": {
            "total_time": 25.787713498
          }
        },
        "20": {
          "residual": 1.073893470076134e-09,
          "correlation": -0.31703881515583016,
          "performance": {
            "total_time": 25.801262418
          }
        },
        "21": {
          "residual": 2.6011512582531643e-10,
          "correlation": -0.3170388152706108,
          "performance": {
            "total_time": 25.809859427
          }
        },