{
  "output": {
    "SCF": {
      "iter": {
        "1": {
          "energy": -76.03823574633091,
          "e_diff": -76.03823574633091,
          "rmsd": 0.00305062044491862,
          "performance": {
            "total_time": 0.078673244
          }
        },
        "2": {
          "energy": -76.05118696501458,
          "e_diff": -0.012951218683667776,
          "rmsd": 0.0008726777431893678,
          "performance": {
            "total_time": 0.085783126
          }
        },
        "3": {
          "energy": -76.05522663333076,
          "e_diff": -0.004039668316181633,
          "rmsd": 0.0003421165880088542,
          "performance": {
            "total_time": 0.104815382
          }
        },
        "4": {
          "energy": -76.05654684026652,
          "e_diff": -0.0013202069357589608,
          "rmsd": 0.00015696876804357232,
          "performance": {
            "total_time": 0.085368117
          }
        },
        "5": {
          "energy": -76.05695058698683,
          "e_diff": -0.00040374672030907277,
          "rmsd": 6.329311406296746e-05,
          "performance": {
            "total_time": 0.08422031
          }
        },
        "6": {
          "energy": -76.05707392893962,
          "e_diff": -0.00012334195278640436,
          "rmsd": 2.2252994251683798e-05,
          "performance": {
            "total_time": 0.08851725
          }
        },
        "7": {
          "energy": -76.05711132231252,
          "e_diff": -3.739337290653566e-05,
          "rmsd": 6.7157930105636445e-06,
          "performance": {
            "total_time": 0.083064729
          }
        },
        "8": {
          "energy": -76.05712258906394,
          "e_diff": -1.1266751414495957e-05,
          "rmsd": 1.986201122528545e-06,
          "performance": {
            "total_time": 0.083240492
          }
        },
        "9": {
          "energy": -76.05712597379443,
          "e_diff": -3.3847304905521014e-06,
          "rmsd": 5.934764312400376e-07,
          "performance": {
            "total_time": 0.083266584
          }
        },
        "10": {
          "energy": -76.05712698964325,
          "e_diff": -1.0158488237266283e-06,
          "rmsd": 1.7857880465011545e-07,
          "performance": {
            "total_time": 0.085459633
          }
        },
        "11": {
          "energy": -76.05712729443695,
          "e_diff": -3.047937013889168e-07,
          "rmsd": 5.382713383416897e-08,
          "performance": {
            "total_time": 0.08565887
          }
        },
        "12": {
          "energy": -76.05712738587849,
          "e_diff": -9.144153523266141e-08,
          "rmsd": 1.6170546567146534e-08,
          "performance": {
            "total_time": 0.086050774
          }
        },
        "13": {
          "energy": -76.05712741331132,
          "e_diff": -2.743283289419196e-08,
          "rmsd": 4.856067159349802e-09,
          "performance": {
            "total_time": 0.076102065
          }
        },
        "14": {
          "energy": -76.05712742154108,
          "e_diff": -8.229761760958354e-09,
          "rmsd": 1.4597608481549916e-09,
          "performance": {
            "total_time": 0.076419583
          }
        },
        "15": {
          "energy": -76.0571274240101,
          "e_diff": -2.4690223199286265e-09,
          "rmsd": 4.383456143569058e-10,
          "performance": {
            "total_time": 0.077714041
          }
        },
        "16": {
          "energy": -76.0571274247508,
          "e_diff": -7.406981694657588e-10,
          "rmsd": 1.320979847856937e-10,
          "performance": {
            "total_time": 0.07948313
          }
        }
      },
      "final_energy": -76.0571274247508,
      "n_iterations": 16
    },
    "CD": {
      "n_cholesky_vectors": 1108
    },
    "CCSD": {
      "iter": {
        "1": {
          "residual": 0.6552648707399747,
          "correlation": 0.0,
          "performance": {
            "total_time": 0.994645716
          }
        },
        "2": {
          "residual": 0.06516753525566676,
          "correlation": -0.27511698005197643,
          "performance": {
            "total_time": 0.803851453
          }
        },
        "3": {
          "residual": 0.01699449679019136,
          "correlation": -0.275261585419843,
          "performance": {
            "total_time": 0.817754637
          }
        },
        "4": {
          "residual": 0.005022824073080569,
          "correlation": -0.28007521506788813,
          "performance": {
            "total_time": 0.812829877
          }
        },
        "5": {
          "residual": 0.002090334449318503,
          "correlation": -0.28042336574156,
          "performance": {
            "total_time": 0.880089299
          }
        },
        "6": {
          "residual": 0.0007534830227550715,
          "correlation": -0.28088773578808346,
          "performance": {
            "total_time": 0.883532528
          }
        },
        "7": {
          "residual": 0.00023695247934304626,
          "correlation": -0.28085199604867844,
          "performance": {
            "total_time": 0.877685101
          }
        },
        "8": {
          "residual": 0.00011066926786224112,
          "correlation": -0.28085922868929863,
          "performance": {
            "total_time": 0.875534997
          }
        },
        "9": {
          "residual": 4.8154748703596875e-05,
          "correlation": -0.2808623996794254,
          "performance": {
            "total_time": 0.88932729
          }
        },
        "10": {
          "residual": 2.586638524532064e-05,
          "correlation": -0.2808641005289721,
          "performance": {
            "total_time": 0.884105937
          }
        },
        "11": {
          "residual": 5.280237471440609e-06,
          "correlation": -0.28086592328888954,
          "performance": {
            "total_time": 0.886546484
          }
        },
        "12": {
          "residual": 2.567141645210192e-06,
          "correlation": -0.28086637798980674,
          "performance": {
            "total_time": 0.897594497
          }
        },
        "13": {
          "residual": 1.3294258869971098e-06,
          "correlation": -0.28086617123623964,
          "performance": {
            "total_time": 0.885548548
          }
        },
        "14": {
          "residual": 7.412167497476011e-07,
          "correlation": -0.2808661422911821,
          "performance": {
            "total_time": 0.892551301
          }
        },
        "15": {
          "residual": 4.1923043541458797e-07,
          "correlation": -0.2808661252144459,
          "performance": {
            "total_time": 0.887243181
          }
        },
        "16": {
          "residual": 4.329989956378977e-08,
          "correlation": -0.28086612220447155,
          "performance": {
            "total_time": 0.896155235
          }
        },
        "17": {
          "residual": 1.333983473919818e-08,
          "correlation": -0.28086611552273405,
          "performance": {
            "total_time": 0.899639365
          }
        },
        "18": {
          "residual": 5.5746700466089766e-09,
          "correlation": -0.2808661164735832,
          "performance": {
            "total_time": 0.890003299
          }
        },
        "19": {
          "residual": 2.5005838902596832e-09,
          "correlation": -0.28086611656333177,
          "performance": {
            "total_time": 0.889663181
          }
        },
        "20": {
          "residual": 1.247202207153171e-09,
          "correlation": -0.28086611669740374,
          "performance": {
            "total_time": 0.900080979
          }
        },
        "21": {
          "residual": 2.850791025361113e-10,
          "correlation": -0.28086611681262136,
          "performance": {
            "total_time": 0.887924728
          }
        },
        "22": {
          "residual": 1.3866327199533878e-10,