{
  "output": {
    "SCF": {
      "iter": {
        "1": {
          "energy": -76.04567100870821,
          "e_diff": -76.04567100870821,
          "rmsd": 0.0014377560750720127,
          "performance": {
            "total_time": 0.922220999
          }
        },
        "2": {
          "energy": -76.05876568988893,
          "e_diff": -0.013094681180717771,
          "rmsd": 0.0004663675989762367,
          "performance": {
            "total_time": 0.880518997
          }
        },
        "3": {
          "energy": -76.06286517459174,
          "e_diff": -0.004099484702805967,
          "rmsd": 0.0001789807124598389,
          "performance": {
            "total_time": 0.864506017
          }
        },
        "4": {
          "energy": -76.06420473093883,
          "e_diff": -0.00133955634709082,
          "rmsd": 7.691008822286786e-05,
          "performance": {
            "total_time": 0.867701869
          }
        },
        "5": {
          "energy": -76.06461332479412,
          "e_diff": -0.00040859385529756764,
          "rmsd": 2.948271328453241e-05,
          "performance": {
            "total_time": 0.867236934
          }
        },
        "6": {
          "energy": -76.06473780524405,
          "e_diff": -0.00012448044992652285,
          "rmsd": 1.038099251739065e-05,
          "performance": {
            "total_time": 0.867806673
          }
        },
        "7": {
          "energy": -76.06477548066039,
          "e_diff": -3.767541633692417e-05,
          "rmsd": 3.1480857610403763e-06,
          "performance": {
            "total_time": 0.862424562
          }
        },
        "8": {
          "energy": -76.06478682483615,
          "e_diff": -1.1344175760541475e-05,
          "rmsd": 9.03135431408967e-07,
          "performance": {
            "total_time": 0.874582811
          }
        },
        "9": {
          "energy": -76.06479023217602,
          "e_diff": -3.4073398751388595e-06,
          "rmsd": 2.6865771151498156e-07,
          "performance": {
            "total_time": 0.8782645
          }
        },
        "10": {
          "energy": -76.06479125475045,
          "e_diff": -1.0225744233594014e-06,
          "rmsd": 8.07108153414599e-08,
          "performance": {
            "total_time": 0.88547113
          }
        },
        "11": {
          "energy": -76.06479156155675,
          "e_diff": -3.068062994771026e-07,
          "rmsd": 2.430535619512268e-08,
          "performance": {
            "total_time": 0.884602352
          }
        },
        "12": {
          "energy": -76.0647916536017,
          "e_diff": -9.204495654557832e-08,
          "rmsd": 7.314064213542548e-09,
          "performance": {
            "total_time": 0.893800345
          }
        },
        "13": {
          "energy": -76.06479168121552,
          "e_diff": -2.7613822339844774e-08,
          "rmsd": 2.197649857616033e-09,
          "performance": {
            "total_time": 0.866367192
          }
        },
        "14": {
          "energy": -76.06479168949963,
          "e_diff": -8.284104069389286e-09,
          "rmsd": 6.607221545619293e-10,
          "performance": {
            "total_time": 0.859818625
          }
        },
        "15": {
          "energy": -76.06479169198477,
          "e_diff": -2.4851374291756656e-09,
          "rmsd": 1.9848718579397805e-10,
          "performance": {
            "total_time": 0.855478715
          }
        },
        "16": {
          "energy": -76.06479169273035,
          "e_diff": -7.455867034877883e-10,
          "rmsd": 5.985487613623785e-11,
          "performance": {
            "total_time": 0.857181611
          }
        }
      },
      "final_energy": -76.06479169273035,
      "n_iterations": 16
    },
    "CD": {
      "n_cholesky_vectors": 2181
    },
    "CCSD": {
      "iter": {
        "1": {
          "residual": 0.936016101146796,
          "correlation": 0.0,
          "performance": {
            "total_time": 25.275952239
          }
        },
        "2": {
          "residual": 0.07999326443149823,
          "correlation": -0.3133281155643018,
          "performance": {
            "total_time": 24.633485617
          }
        },
        "3": {
          "residual": 0.01905292534751916,
          "correlation": -0.3109045920214682,
          "performance": {
            "total_time": 24.716233868
          }
        },
        "4": {
          "residual": 0.005209230080756224,
          "correlation": -0.3164273728449777,
          "performance": {
            "total_time": 24.821183483
          }
        },
        "5": {
          "residual": 0.002174307277271064,
          "correlation": -0.3165661411940471,
          "performance": {
            "total_time": 24.885011025
          }
        },
        "6": {
          "residual": 0.0009968498858616334,
          "correlation": -0.31707144545535115,
          "performance": {
            "total_time": 24.794963722
          }
        },
        "7": {
          "residual": 0.00030908045354190064,
          "correlation": -0.31702149838449734,
          "performance": {
            "total_time": 24.614519039
          }
        },
        "8": {
          "residual": 0.00013775213555461947,
          "correlation": -0.3170285356966896,
          "performance": {
            "total_time": 24.772878449
          }
        },
        "9": {
          "residual": 5.5024487402097686e-05,
          "correlation": -0.3170339174049346,
          "performance": {
            "total_time": 24.65083895
          }
        },
        "10": {
          "residual": 2.784544686741659e-05,
          "correlation": -0.31703611957037936,
          "performance": {
            "total_time": 24.66750015
          }
        },
        "11": {
          "residual": 5.116022152539113e-06,
          "correlation": -0.3170386403218603,
          "performance": {
            "total_time": 24.90773335
          }
        },
        "12": {
          "residual": 2.6171686037971857e-06,
          "correlation": -0.3170389639805566,
          "performance": {
            "total_time": 24.829099946
          }
        },
        "13": {
          "residual": 1.4324740289631223e-06,
          "correlation": -0.31703883946686306,
          "performance": {
            "total_time": 24.641572468
          }
        },
        "14": {
          "residual": 8.253226338371047e-07,
          "correlation": -0.31703882877682066,
          "performance": {
            "total_time": 24.655863975
          }
        },
        "15": {
          "residual": 4.736639588005567e-07,
          "correlation": -0.3170388194258087,
          "performance": {
            "total_time": 24.659013261
          }
        },
        "16": {
          "residual": 3.5667176408866305e-08,
          "correlation": -0.3170388182306115,
          "performance": {
            "total_time": 24.673486999
          }
        },
        "17": {
          "residual": 1.291533797017284e-08,
          "correlation": -0.31703881346250434,
          "performance": {
            "total_time": 24.670248715
          }
        },
        "18": {
          "residual": 4.7443301525182856e-09,
          "correlation": -0.31703881488946895,
          "performance": {
            "total_time": 24.7916307
          }
        },
        "19": {
          "residual": 2.4168967288136202e-09,
          "correlation": -0.3170388149860551,
          "performance": {
            "total_time": 24.766772087
          }
        },
        "20": {
          "residual": 1.0887149853339579e-09,
          "correlation": -0.31703881515864335,
          "performance": {
            "total_time": 24.810779558
          }
        },
        "21": {
          "residual": 2.780190836114177e-10,
          "correlation": -0.3170388152718011,
          "performance": {
            "total_time": 24.570566707
          }
        },