{
  "output": {
    "SCF": {
      "iter": {
        "1": {
          "energy": -76.00972282596703,
          "e_diff": -76.00972282596703,
          "rmsd": 0.008462412601085498,
          "performance": {
            "total_time": 0.013223782
          }
        },
        "2": {
          "energy": -76.02127604778076,
          "e_diff": -0.011553221813727532,
          "rmsd": 0.003134557352679737,
          "performance": {
            "total_time": 0.013539015
          }
        },
        "3": {
          "energy": -76.0249787836307,
          "e_diff": -0.0037027358499415186,
          "rmsd": 0.0012359891637543344,
          "performance": {
            "total_time": 0.0139173
          }
        },
        "4": {
          "energy": -76.02621647977341,
          "e_diff": -0.0012376961427094102,
          "rmsd": 0.0006028305729290901,
          "performance": {
            "total_time": 0.014145804
          }
        },
        "5": {
          "energy": -76.026601054851,
          "e_diff": -0.0003845750775894885,
          "rmsd": 0.00022082941517892395,
          "performance": {
            "total_time": 0.014652797
          }
        },
        "6": {
          "energy": -76.0267201393163,
          "e_diff": -0.00011908446529673711,
          "rmsd": 7.198111902931023e-05,
          "performance": {
            "total_time": 0.015146437
          }
        },
        "7": {
          "energy": -76.02675641582286,
          "e_diff": -3.627650656312653e-05,
          "rmsd": 2.2077915298579458e-05,
          "performance": {
            "total_time": 0.016014322
          }
        },
        "8": {
          "energy": -76.02676735825983,
          "e_diff": -1.0942436972527503e-05,
          "rmsd": 6.6054131024239635e-06,
          "performance": {
            "total_time": 0.016822516
          }
        },
        "9": {
          "energy": -76.02677064664707,
          "e_diff": -3.288387233624235e-06,
          "rmsd": 1.9912814752979457e-06,
          "performance": {
            "total_time": 0.017690769
          }
        },
        "10": {
          "energy": -76.02677163367238,
          "e_diff": -9.870253165900067e-07,
          "rmsd": 5.982519644215428e-07,
          "performance": {
            "total_time": 0.01866287
          }
        },
        "11": {
          "energy": -76.02677192982603,
          "e_diff": -2.9615364383062115e-07,
          "rmsd": 1.7959610511013342e-07,
          "performance": {
            "total_time": 0.019146929
          }
        },
        "12": {
          "energy": -76.0267720186763,
          "e_diff": -8.885027114047261e-08,
          "rmsd": 5.388142706449837e-08,
          "performance": {
            "total_time": 0.014889383
          }
        },
        "13": {
          "energy": -76.0267720453318,
          "e_diff": -2.665549914127041e-08,
          "rmsd": 1.6166133323045545e-08,
          "performance": {
            "total_time": 0.013630645
          }
        },
        "14": {
          "energy": -76.02677205332844,
          "e_diff": -7.99664690021018e-09,
          "rmsd": 4.850554941803056e-09,
          "performance": {
            "total_time": 0.013481284
          }
        },
        "15": {
          "energy": -76.02677205572746,
          "e_diff": -2.3990196496015415e-09,
          "rmsd": 1.4551329661051036e-09,
          "performance": {
            "total_time": 0.013514193
          }
        },
        "16": {
          "energy": -76.02677205644716,
          "e_diff": -7.196945261966903e-10,
          "rmsd": 4.36574320490135e-10,
          "performance": {
            "total_time": 0.014185415
          }
        }
      },
      "final_energy": -76.02677205644716,
      "n_iterations": 16
    },
    "CD": {
      "n_cholesky_vectors": 279
    },
    "CCSD": {
      "iter": {
        "1": {
          "residual": 0.4318050649027351,
          "correlation": 0.0,
          "performance": {
            "total_time": 0.023221853
          }
        },
        "2": {
          "residual": 0.050151212266835526,
          "correlation": -0.20400355906453557,
          "performance": {
            "total_time": 0.020848843
          }
        },
        "3": {
          "residual": 0.015139213356376855,
          "correlation": -0.2089540829965963,
          "performance": {
            "total_time": 0.020901729
          }
        },
        "4": {
          "residual": 0.005293593200573253,
          "correlation": -0.2121583939136878,
          "performance": {
            "total_time": 0.020764901
          }
        },
        "5": {
          "residual": 0.0021480140497694214,
          "correlation": -0.21287071141869618,
          "performance": {
            "total_time": 0.020904389
          }
        },
        "6": {
          "residual": 0.0005452645527816145,
          "correlation": -0.2133321776292283,
          "performance": {
            "total_time": 0.021719207
          }
        },
        "7": {
          "residual": 0.00018059958728617882,
          "correlation": -0.2133156429724137,
          "performance": {
            "total_time": 0.020745109
          }
        },
        "8": {
          "residual": 8.960994329743742e-05,
          "correlation": -0.21332199569690402,
          "performance": {
            "total_time": 0.02084082
          }
        },
        "9": {
          "residual": 4.375278127978727e-05,
          "correlation": -0.21332447128397106,
          "performance": {
            "total_time": 0.020650359
          }
        },
        "10": {
          "residual": 2.3583151980181005e-05,
          "correlation": -0.21332581144388663,
          "performance": {
            "total_time": 0.020500358
          }
        },
        "11": {
          "residual": 3.5930122333557284e-06,
          "correlation": -0.2133271521057476,
          "performance": {
            "total_time": 0.02069587
          }
        },
        "12": {
          "residual": 1.5660207200310816e-06,
          "correlation": -0.21332763768597546,
          "performance": {
            "total_time": 0.020549381
          }
        },
        "13": {
          "residual": 7.672244441891568e-07,
          "correlation": -0.21332747842807376,
          "performance": {
            "total_time": 0.020258767
          }
        },
        "14": {
          "residual": 3.990188239844877e-07,
          "correlation": -0.21332744600118292,
          "performance": {
            "total_time": 0.020717665
          }
        },
        "15": {
          "residual": 2.167430439722072e-07,
          "correlation": -0.21332743079822555,
          "performance": {
            "total_time": 0.022455083
          }
        },
        "16": {
          "residual": 3.076703129622125e-08,
          "correlation": -0.2133274242887974,
          "performance": {
            "total_time": 0.024173528
          }
        },
        "17": {
          "residual": 9.71934727828098e-09,
          "correlation": -0.21332742157331933,
          "performance": {
            "total_time": 0.024375608
          }
        },
        "18": {
          "residual": 4.449204483030867e-09,
          "correlation": -0.2133274217400314,
          "performance": {
            "total_time": 0.021887237
          }
        },
        "19": {
          "residual": 2.0437274042771602e-09,
          "correlation": -0.2133274218835024,
          "performance": {
            "total_time": 0.021061118
          }
        },
        "20": {
          "residual": 1.0475337815808866e-09,
          "correlation": -0.21332742195707038,
          "performance": {
            "total_time": 0.020898781
          }
        },
        "21": {
          "residual": 1.7704516785956518e-10,
          "correlation": -0.21332742202921584,
          "performance": {
            "total_time": 0.021031673
          }
        },
        "22": {
          "residual": 9.128885323910035e-11,