{
  "output": {
    "SCF": {
      "iter": {
        "1": {
          "energy": -76.00972282596703,
          "e_diff": -76.00972282596703,
          "rmsd": 0.008462412601085498,
          "performance": {
            "total_time": 0.013412892
          }
        },
        "2": {
          "energy": -76.02127604778076,
          "e_diff": -0.011553221813727532,
          "rmsd": 0.003134557352679737,
          "performance": {
            "total_time": 0.013658142
          }
        },
        "3": {
          "energy": -76.0249787836307,
          "e_diff": -0.0037027358499415186,
          "rmsd": 0.0012359891637543344,
          "performance": {
            "total_time": 0.014259384
          }
        },
        "4": {
          "energy": -76.02621647977341,
          "e_diff": -0.0012376961427094102,
          "rmsd": 0.0006028305729290901,
          "performance": {
            "total_time": 0.014416823
          }
        },
        "5": {
          "energy": -76.026601054851,
          "e_diff": -0.0003845750775894885,
          "rmsd": 0.00022082941517892395,
          "performance": {
            "total_time": 0.014912012
          }
        },
        "6": {
          "energy": -76.0267201393163,
          "e_diff": -0.00011908446529673711,
          "rmsd": 7.198111902931023e-05,
          "performance": {
            "total_time": 0.015146678
          }
        },
        "7": {
          "energy": -76.02675641582286,
          "e_diff": -3.627650656312653e-05,
          "rmsd": 2.2077915298579458e-05,
          "performance": {
            "total_time": 0.01620584
          }
        },
        "8": {
          "energy": -76.02676735825983,
          "e_diff": -1.0942436972527503e-05,
          "rmsd": 6.6054131024239635e-06,
          "performance": {
            "total_time": 0.016817718
          }
        },
        "9": {
          "energy": -76.02677064664707,
          "e_diff": -3.288387233624235e-06,
          "rmsd": 1.9912814752979457e-06,
          "performance": {
            "total_time": 0.017757279
          }
        },
        "10": {
          "energy": -76.02677163367238,
          "e_diff": -9.870253165900067e-07,
          "rmsd": 5.982519644215428e-07,
          "performance": {
            "total_time": 0.018579533
          }
        },
        "11": {
          "energy": -76.02677192982603,
          "e_diff": -2.9615364383062115e-07,
          "rmsd": 1.7959610511013342e-07,
          "performance": {
            "total_time": 0.019087883
          }
        },
        "12": {
          "energy": -76.0267720186763,
          "e_diff": -8.885027114047261e-08,
          "rmsd": 5.388142706449837e-08,
          "performance": {
            "total_time": 0.014102868
          }
        },
        "13": {
          "energy": -76.0267720453318,
          "e_diff": -2.665549914127041e-08,
          "rmsd": 1.6166133323045545e-08,
          "performance": {
            "total_time": 0.014100861
          }
        },
        "14": {
          "energy": -76.02677205332844,
          "e_diff": -7.99664690021018e-09,
          "rmsd": 4.850554941803056e-09,
          "performance": {
            "total_time": 0.014446625
          }
        },
        "15": {
          "energy": -76.02677205572746,
          "e_diff": -2.3990196496015415e-09,
          "rmsd": 1.4551329661051036e-09,
          "performance": {
            "total_time": 0.013893579
          }
        },
        "16": {
          "energy": -76.02677205644716,
          "e_diff": -7.196945261966903e-10,
          "rmsd": 4.36574320490135e-10,
          "performance": {
            "total_time": 0.013786782
          }
        }
      },
      "final_energy": -76.02677205644716,
      "n_iterations": 16
    },
    "CD": {
      "n_cholesky_vectors": 279
    },
    "CCSD": {
      "iter": {
        "1": {
          "residual": 0.4318050649027351,
          "correlation": 0.0,
          "performance": {
            "total_time": 0.023297056
          }
        },
        "2": {
          "residual": 0.050151212266835526,
          "correlation": -0.2040035590645356,
          "performance": {
            "total_time": 0.021512629
          }
        },
        "3": {
          "residual": 0.015139213356376875,
          "correlation": -0.20895408299659626,
          "performance": {
            "total_time": 0.021335392
          }
        },
        "4": {
          "residual": 0.005293593200573244,
          "correlation": -0.21215839391368785,
          "performance": {
            "total_time": 0.021506976
          }
        },
        "5": {
          "residual": 0.0021480140497693954,
          "correlation": -0.21287071141869607,
          "performance": {
            "total_time": 0.02166989
          }
        },
        "6": {
          "residual": 0.000545846514101815,
          "correlation": -0.21333199171458134,
          "performance": {
            "total_time": 0.021390602
          }
        },
        "7": {
          "residual": 0.0001763492277410727,
          "correlation": -0.2133172051295852,
          "performance": {
            "total_time": 0.022006605
          }
        },
        "8": {
          "residual": 8.742932371937129e-05,
          "correlation": -0.2133227021962743,
          "performance": {
            "total_time": 0.021669739
          }
        },
        "9": {
          "residual": 4.2713515461456554e-05,
          "correlation": -0.21332476391127098,
          "performance": {
            "total_time": 0.021715602
          }
        },
        "10": {
          "residual": 2.3102412693586702e-05,
          "correlation": -0.21332593510155096,
          "performance": {
            "total_time": 0.021411762
          }
        },
        "11": {
          "residual": 3.531567686389754e-06,
          "correlation": -0.21332712791419595,
          "performance": {
            "total_time": 0.021409323
          }
        },
        "12": {
          "residual": 1.5082350558905008e-06,
          "correlation": -0.21332762811969022,
          "performance": {
            "total_time": 0.02251685
          }
        },
        "13": {
          "residual": 7.368906936025032e-07,
          "correlation": -0.2133274745429583,
          "performance": {
            "total_time": 0.022017158
          }
        },
        "14": {
          "residual": 3.846890890012463e-07,
          "correlation": -0.21332744421821945,
          "performance": {
            "total_time": 0.02140306
          }
        },
        "15": {
          "residual": 2.0949266458166854e-07,
          "correlation": -0.2133274300391284,
          "performance": {
            "total_time": 0.02177447
          }
        },
        "16": {
          "residual": 2.999262028107167e-08,
          "correlation": -0.21332742441601577,
          "performance": {
            "total_time": 0.021733664
          }
        },
        "17": {
          "residual": 9.169357599699089e-09,
          "correlation": -0.21332742168847235,
          "performance": {
            "total_time": 0.021401031
          }
        },
        "18": {
          "residual": 4.127157383614042e-09,
          "correlation": -0.2133274217834554,
          "performance": {
            "total_time": 0.021568437
          }
        },
        "19": {
          "residual": 1.876389034751382e-09,
          "correlation": -0.21332742190312565,
          "performance": {
            "total_time": 0.020908582
          }
        },
        "20": {
          "residual": 9.593556840857224e-10,
          "correlation": -0.2133274219659255,
          "performance": {
            "total_time": 0.02082205
          }
        },
        "21": {
          "residual": 1.6394095578772678e-10,
          "correlation": -0.21332742203105165,
          "performance": {
            "total_time": 0.020666038
          }
        },
        "22": {
          "residual": 8.556723084566836e-11,