{
  "output": {
    "SCF": {
      "iter": {
        "1": {
          "energy": -76.0478958227047,
          "e_diff": -76.0478958227047,
          "rmsd": 0.0010956145799075612,
          "performance": {
            "total_time": 0.333949459
          }
        },
        "2": {
          "energy": -76.06100305609442,
          "e_diff": -0.013107233389717976,
          "rmsd": 0.00037322090916548395,
          "performance": {
            "total_time": 0.373183559
          }
        },
        "3": {
          "energy": -76.06511345851646,
          "e_diff": -0.00411040242204308,
          "rmsd": 0.00014033871581119604,
          "performance": {
            "total_time": 0.360115155
          }
        },
        "4": {
          "energy": -76.06645800192703,
          "e_diff": -0.0013445434105676668,
          "rmsd": 5.844448046739619e-05,
          "performance": {
            "total_time": 0.361923962
          }
        },
        "5": {
          "energy": -76.06686809874728,
          "e_diff": -0.0004100968202465083,
          "rmsd": 2.1647586716902907e-05,
          "performance": {
            "total_time": 0.378375693
          }
        },
        "6": {
          "energy": -76.06699296130788,
          "e_diff": -0.00012486256059673906,
          "rmsd": 7.594620036770913e-06,
          "performance": {
            "total_time": 0.387735192
          }
        },
        "7": {
          "energy": -76.06703072773806,
          "e_diff": -3.7766430182273325e-05,
          "rmsd": 2.3716569425626403e-06,
          "performance": {
            "total_time": 0.405967469
          }
        },
        "8": {
          "energy": -76.06704209480299,
          "e_diff": -1.1367064928435866e-05,
          "rmsd": 6.606348037830156e-07,
          "performance": {
            "total_time": 0.434899156
          }
        },
        "9": {
          "energy": -76.06704550861724,
          "e_diff": -3.4138142552819772e-06,
          "rmsd": 1.8875514562568592e-07,
          "performance": {
            "total_time": 0.45208326
          }
        },
        "10": {
          "energy": -76.06704653310047,
          "e_diff": -1.0244832253647473e-06,
          "rmsd": 5.689897070165835e-08,
          "performance": {
            "total_time": 0.473998737
          }
        },
        "11": {
          "energy": -76.06704684047622,
          "e_diff": -3.0737575684725016e-07,
          "rmsd": 1.741173192694965e-08,
          "performance": {
            "total_time": 0.476072303
          }
        },
        "12": {
          "energy": -76.06704693269174,
          "e_diff": -9.221551522387017e-08,
          "rmsd": 5.229321749336125e-09,
          "performance": {
            "total_time": 0.48222974
          }
        },
        "13": {
          "energy": -76.0670469603566,
          "e_diff": -2.766486772998178e-08,
          "rmsd": 1.5643922545087962e-09,
          "performance": {
            "total_time": 0.361194187
          }
        },
        "14": {
          "energy": -76.06704696865603,
          "e_diff": -8.299423370772274e-09,
          "rmsd": 4.692913275998933e-10,
          "performance": {
            "total_time": 0.353383637
          }
        },
        "15": {
          "energy": -76.067046971146,
          "e_diff": -2.4899691197788343e-09,
          "rmsd": 1.4085812695576406e-10,
          "performance": {
            "total_time": 0.350757839
          }
        },
        "16": {
          "energy": -76.06704697189289,
          "e_diff": -7.468941021215869e-10,
          "rmsd": 4.279509948005438e-11,
          "performance": {
            "total_time": 0.343588503
          }
        }
      },
      "final_energy": -76.06704697189289,
      "n_iterations": 16
    },
    "CD": {
      "n_cholesky_vectors": 3502
    },
    "CCSD": {
      "iter": {
        "1": {
          "residual": 1.0405517340230517,
          "correlation": 0.0,
          "performance": {
            "total_time": 10.340735058
          }
        },
        "2": {
          "residual": 0.08808596152589941,
          "correlation": -0.3288139992685144,
          "performance": {
            "total_time": 9.794955331
          }
        },
        "3": {
          "residual": 0.02062467535785009,
          "correlation": -0.32402148830609045,
          "performance": {
            "total_time": 9.829186974
          }
        },
        "4": {
          "residual": 0.0054167957482259615,
          "correlation": -0.3300121799708851,
          "performance": {
            "total_time": 9.792909726
          }
        },
        "5": {
          "residual": 0.002312065863524806,
          "correlation": -0.3300019186118916,
          "performance": {
            "total_time": 9.83649273
          }
        },
        "6": {
          "residual": 0.0012401595490647754,
          "correlation": -0.3305031538016446,
          "performance": {
            "total_time": 9.822729337
          }
        },
        "7": {
          "residual": 0.00038648113205746716,
          "correlation": -0.33048599744200224,
          "performance": {
            "total_time": 9.843178813
          }
        },
        "8": {
          "residual": 0.00018458174066457404,
          "correlation": -0.33049426629880635,
          "performance": {
            "total_time": 9.828331275
          }
        },
        "9": {
          "residual": 7.244836321711099e-05,
          "correlation": -0.3305034778092589,
          "performance": {
            "total_time": 9.817749085
          }
        },
        "10": {
          "residual": 3.6942594088809065e-05,
          "correlation": -0.33050647578872916,
          "performance": {
            "total_time": 9.790515752
          }
        },
        "11": {
          "residual": 5.266433353174565e-06,
          "correlation": -0.3305101924192952,
          "performance": {
            "total_time": 9.779533914
          }
        },
        "12": {
          "residual": 2.36246197464037e-06,
          "correlation": -0.330510513147554,
          "performance": {
            "total_time": 9.805926941
          }
        },
        "13": {
          "residual": 1.2432282188689356e-06,
          "correlation": -0.3305103983068917,
          "performance": {
            "total_time": 9.798161398
          }
        },
        "14": {
          "residual": 6.721553192952197e-07,
          "correlation": -0.3305103915193144,
          "performance": {
            "total_time": 9.81165838
          }
        },
        "15": {
          "residual": 3.7687494770746115e-07,
          "correlation": -0.330510381845364,
          "performance": {
            "total_time": 9.847239577
          }
        },
        "16": {
          "residual": 6.084987181090318e-08,
          "correlation": -0.3305103798723446,
          "performance": {
            "total_time": 9.826623534
          }
        },
        "17": {
          "residual": 2.140491355135556e-08,
          "correlation": -0.330510376702177,
          "performance": {
            "total_time": 9.79022352
          }
        },
        "18": {
          "residual": 1.0713368488620041e-08,
          "correlation": -0.3305103779450155,
          "performance": {
            "total_time": 9.795958626
          }
        },
        "19": {
          "residual": 5.3684585800073335e-09,
          "correlation": -0.3305103781268569,
          "performance": {
            "total_time": 9.822277397
          }
        },
        "20": {
          "residual": 2.9649712704620246e-09,
          "correlation": -0.330510378248743,
          "performance": {
            "total_time": 9.79900155
          }
        },
        "21": {
          "residual": 6.737325070308952e-10,
          "correlation": -0.3305103783359634,
          "performance": {
            "total_time": 9.822819706
          }
        },
        "22": {
          "residual": 2.7783272574273447e-10,