{
  "output": {
    "SCF": {
      "iter": {
        "1": {
          "energy": -76.03823574633091,
          "e_diff": -76.03823574633091,
          "rmsd": 0.00305062044491862,
          "performance": {
            "total_time": 0.080164781
          }
        },
        "2": {
          "energy": -76.05118696501458,
          "e_diff": -0.012951218683667776,
          "rmsd": 0.0008726777431893678,
          "performance": {
            "total_time": 0.078557181
          }
        },
        "3": {
          "energy": -76.05522663333076,
          "e_diff": -0.004039668316181633,
          "rmsd": 0.0003421165880088542,
          "performance": {
            "total_time": 0.093754992
          }
        },
        "4": {
          "energy": -76.05654684026652,
          "e_diff": -0.0013202069357589608,
          "rmsd": 0.00015696876804357232,
          "performance": {
            "total_time": 0.106123227
          }
        },
        "5": {
          "energy": -76.05695058698683,
          "e_diff": -0.00040374672030907277,
          "rmsd": 6.329311406296746e-05,
          "performance": {
            "total_time": 0.108875573
          }
        },
        "6": {
          "energy": -76.05707392893962,
          "e_diff": -0.00012334195278640436,
          "rmsd": 2.2252994251683798e-05,
          "performance": {
            "total_time": 0.097574188
          }
        },
        "7": {
          "energy": -76.05711132231252,
          "e_diff": -3.739337290653566e-05,
          "rmsd": 6.7157930105636445e-06,
          "performance": {
            "total_time": 0.08405851
          }
        },
        "8": {
          "energy": -76.05712258906394,
          "e_diff": -1.1266751414495957e-05,
          "rmsd": 1.986201122528545e-06,
          "performance": {
            "total_time": 0.090470949
          }
        },
        "9": {
          "energy": -76.05712597379443,
          "e_diff": -3.3847304905521014e-06,
          "rmsd": 5.934764312400376e-07,
          "performance": {
            "total_time": 0.092666317
          }
        },
        "10": {
          "energy": -76.05712698964325,
          "e_diff": -1.0158488237266283e-06,
          "rmsd": 1.7857880465011545e-07,
          "performance": {
            "total_time": 0.087677039
          }
        },
        "11": {
          "energy": -76.05712729443695,
          "e_diff": -3.047937013889168e-07,
          "rmsd": 5.382713383416897e-08,
          "performance": {
            "total_time": 0.093003166
          }
        },
        "12": {
          "energy": -76.05712738587849,
          "e_diff": -9.144153523266141e-08,
          "rmsd": 1.6170546567146534e-08,
          "performance": {
            "total_time": 0.087113283
          }
        },
        "13": {
          "energy": -76.05712741331132,
          "e_diff": -2.743283289419196e-08,
          "rmsd": 4.856067159349802e-09,
          "performance": {
            "total_time": 0.078667517
          }
        },
        "14": {
          "energy": -76.05712742154108,
          "e_diff": -8.229761760958354e-09,
          "rmsd": 1.4597608481549916e-09,
          "performance": {
            "total_time": 0.079527115
          }
        },
        "15": {
          "energy": -76.0571274240101,
          "e_diff": -2.4690223199286265e-09,
          "rmsd": 4.383456143569058e-10,
          "performance": {
            "total_time": 0.084980954
          }
        },
        "16": {
          "energy": -76.0571274247508,
          "e_diff": -7.406981694657588e-10,
          "rmsd": 1.320979847856937e-10,
          "performance": {
            "total_time": 0.078588206
          }
        }
      },
      "final_energy": -76.0571274247508,
      "n_iterations": 16
    },
    "CD": {
      "n_cholesky_vectors": 1108
    },
    "CCSD": {
      "iter": {
        "1": {
          "residual": 0.6552648707399745,
          "correlation": 0.0,
          "performance": {
            "total_time": 1.10911261
          }
        },
        "2": {
          "residual": 0.06516753525566676,
          "correlation": -0.2751169800519765,
          "performance": {
            "total_time": 0.917321749
          }
        },
        "3": {
          "residual": 0.016994496790191355,
          "correlation": -0.2752615854198429,
          "performance": {
            "total_time": 0.943010967
          }
        },
        "4": {
          "residual": 0.005022824073080564,
          "correlation": -0.28007521506788796,
          "performance": {
            "total_time": 0.926862768
          }
        },
        "5": {
          "residual": 0.0020903344493185144,
          "correlation": -0.28042336574156024,
          "performance": {
            "total_time": 0.928553113
          }
        },
        "6": {
          "residual": 0.0007526295422786663,
          "correlation": -0.2808789545530311,
          "performance": {
            "total_time": 0.946519875
          }
        },
        "7": {
          "residual": 0.00023903336106245154,
          "correlation": -0.2808509718626123,
          "performance": {
            "total_time": 0.915551989
          }
        },
        "8": {
          "residual": 0.0001121754082052082,
          "correlation": -0.28085862937298317,
          "performance": {
            "total_time": 0.928857641
          }
        },
        "9": {
          "residual": 4.8800753312180356e-05,
          "correlation": -0.2808622332571149,
          "performance": {
            "total_time": 0.923613723
          }
        },
        "10": {
          "residual": 2.6167167417984853e-05,
          "correlation": -0.28086402449250875,
          "performance": {
            "total_time": 0.957981588
          }
        },
        "11": {
          "residual": 5.2981576149383305e-06,
          "correlation": -0.28086593967885437,
          "performance": {
            "total_time": 0.952342093
          }
        },
        "12": {
          "residual": 2.5937375515842823e-06,
          "correlation": -0.2808663746115047,
          "performance": {
            "total_time": 1.002493091
          }
        },
        "13": {
          "residual": 1.3464212734328412e-06,
          "correlation": -0.2808661735521271,
          "performance": {
            "total_time": 0.93499546
          }
        },
        "14": {
          "residual": 7.4919105923632e-07,
          "correlation": -0.2808661429652605,
          "performance": {
            "total_time": 0.990348884
          }
        },
        "15": {
          "residual": 4.2360223385311036e-07,
          "correlation": -0.28086612560600294,
          "performance": {
            "total_time": 0.929547226
          }
        },
        "16": {
          "residual": 4.3498060827021505e-08,
          "correlation": -0.28086612170216846,
          "performance": {
            "total_time": 0.922452518
          }
        },
        "17": {
          "residual": 1.3895867562437417e-08,
          "correlation": -0.28086611538184825,
          "performance": {
            "total_time": 0.909460066
          }
        },
        "18": {
          "residual": 5.8823505958758034e-09,
          "correlation": -0.280866116426274,
          "performance": {
            "total_time": 0.906144441
          }
        },
        "19": {
          "residual": 2.6472247122493994e-09,
          "correlation": -0.2808661165441641,
          "performance": {
            "total_time": 0.881258815
          }
        },
        "20": {
          "residual": 1.3160956860417812e-09,
          "correlation": -0.2808661166885934,
          "performance": {
            "total_time": 0.879228444
          }
        },
        "21": {
          "residual": 2.9315514872802954e-10,
          "correlation": -0.28086611680730744,
          "performance": {
            "total_time": 0.882042024
          }
        },